ChEMBL_ID	UniProt
CHEMBL40	A6XA80
CHEMBL40	P11712
CHEMBL40	P11229
CHEMBL40	P50406
CHEMBL40	P02768
CHEMBL40	O76074
CHEMBL40	P00918
CHEMBL40	P25021
CHEMBL40	P51681
CHEMBL40	P25025
CHEMBL40	Q92887
CHEMBL40	P15127
CHEMBL40	P06241
CHEMBL40	P50052
CHEMBL40	P22771
CHEMBL40	O35913
CHEMBL40	P25101
CHEMBL40	P41145
CHEMBL40	P30542
CHEMBL40	P20853
CHEMBL40	Q16539
CHEMBL40	P24903
CHEMBL40	P35372
CHEMBL40	P08183
CHEMBL40	Q14994
CHEMBL40	Q5TCH4
CHEMBL40	P32238
CHEMBL40	P28564
CHEMBL40	O75469
CHEMBL40	P78329
CHEMBL40	O70528
CHEMBL40	P20309
CHEMBL40	P41143
CHEMBL40	O15245
CHEMBL40	P31645
CHEMBL40	Q02928
CHEMBL40	P24462
CHEMBL40	P08588
CHEMBL40	Q96SQ9
CHEMBL40	P30411
CHEMBL40	P35462
CHEMBL40	P08104
CHEMBL40	P13945
CHEMBL40	O95342
CHEMBL40	O35627
CHEMBL40	P32241
CHEMBL40	P33527
CHEMBL40	P24524
CHEMBL40	Q08209
CHEMBL40	P25024
CHEMBL40	P0DMS8
CHEMBL40	P35498
CHEMBL40	P33032
CHEMBL40	P25100
CHEMBL40	P29466
CHEMBL40	P23975
CHEMBL40	Q96QA9
CHEMBL40	P05177
CHEMBL40	P13584
CHEMBL40	P28482
CHEMBL40	P08246
CHEMBL40	P08684
CHEMBL40	P24557
CHEMBL40	P21917
CHEMBL40	P25103
CHEMBL40	Q08477
CHEMBL40	P11509
CHEMBL40	Q9HB55
CHEMBL40	P20813
CHEMBL40	Q9NY46
CHEMBL40	P51589
CHEMBL40	P14780
CHEMBL40	P15823
CHEMBL40	P07943
CHEMBL40	Q6PSM0
CHEMBL40	P08173
CHEMBL40	P08913
CHEMBL40	P30988
CHEMBL40	O54915
CHEMBL40	O88269
CHEMBL40	P43140
CHEMBL40	P35367
CHEMBL40	O94956
CHEMBL40	P14416
CHEMBL40	P03372
CHEMBL40	P29476
CHEMBL40	P41968
CHEMBL40	P32245
CHEMBL40	Q99720
CHEMBL40	O88563
CHEMBL40	P10632
CHEMBL40	P20815
CHEMBL40	O75496
CHEMBL40	P06239
CHEMBL40	P18825
CHEMBL40	P98187
CHEMBL40	P05181
CHEMBL40	P17948
CHEMBL40	Q16678
CHEMBL40	P12822
CHEMBL40	P28223
CHEMBL40	P04035
CHEMBL40	P18089
CHEMBL40	O70127
CHEMBL40	P51679
CHEMBL40	P17252
CHEMBL40	P08575
CHEMBL40	Q9Y6L6
CHEMBL40	P25929
CHEMBL40	P19327
CHEMBL40	Q92731
CHEMBL40	P08172
CHEMBL40	P49146
CHEMBL40	Q8VI47
CHEMBL40	Q12809
CHEMBL40	P26435
CHEMBL40	P08912
CHEMBL40	P15207
CHEMBL40	P21554
CHEMBL40	Q63120
CHEMBL40	P35354
CHEMBL40	P20781
CHEMBL40	P33261
CHEMBL40	P46720
CHEMBL40	P00533
CHEMBL40	P33260
CHEMBL40	Q6VVX0
CHEMBL40	P04775
CHEMBL40	P12530
CHEMBL40	Q9Y271
CHEMBL40	P22309
CHEMBL40	Q7Z449
CHEMBL40	P04626
CHEMBL40	P37288
CHEMBL40	P21397
CHEMBL40	P03956
CHEMBL40	P27361
CHEMBL40	P07550
CHEMBL40	P22303
CHEMBL40	P04150
CHEMBL40	Q01959
CHEMBL40	P04774
CHEMBL40	P41597
CHEMBL40	Q9NPD5
CHEMBL40	P25105
CHEMBL40	P08311
CHEMBL40	P29274
CHEMBL40	P23219
CHEMBL40	P21728
CHEMBL40	Q690N0
CHEMBL40	P21452
CHEMBL40	P41595
CHEMBL40	B2RX12
CHEMBL40	P10635
CHEMBL40	P29477
CHEMBL40	P28335
CHEMBL40	Q8TAV3
CHEMBL40	Q16696
CHEMBL40	P04798
CHEMBL40	P07727
CHEMBL40	Q99250
CHEMBL45	A6XA80
CHEMBL45	P11712
CHEMBL45	P49285
CHEMBL45	P43220
CHEMBL45	P24941
CHEMBL45	P11229
CHEMBL45	Q9Z0J4
CHEMBL45	P50406
CHEMBL45	Q9F4F7
CHEMBL45	O76074
CHEMBL45	P00918
CHEMBL45	P49288
CHEMBL45	O15439
CHEMBL45	P05067
CHEMBL45	P51681
CHEMBL45	P25021
CHEMBL45	P25025
CHEMBL45	P27815
CHEMBL45	Q92887
CHEMBL45	P15127
CHEMBL45	Q13698
CHEMBL45	P06241
CHEMBL45	Q6P988
CHEMBL45	P14867
CHEMBL45	P30989
CHEMBL45	Q02294
CHEMBL45	P22771
CHEMBL45	P50052
CHEMBL45	O60885
CHEMBL45	P27338
CHEMBL45	B2RXH2
CHEMBL45	P30556
CHEMBL45	P25101
CHEMBL45	P41145
CHEMBL45	P51151
CHEMBL45	P30542
CHEMBL45	P51449
CHEMBL45	P35372
CHEMBL45	Q16539
CHEMBL45	P80244
CHEMBL45	P35414
CHEMBL45	P08482
CHEMBL45	P32238
CHEMBL45	P28564
CHEMBL45	P83916
CHEMBL45	O75469
CHEMBL45	P21731
CHEMBL45	O70528
CHEMBL45	P49219
CHEMBL45	P20309
CHEMBL45	P41143
CHEMBL45	P31645
CHEMBL45	P08908
CHEMBL45	P08588
CHEMBL45	Q8TDS4
CHEMBL45	P02545
CHEMBL45	P30411
CHEMBL45	P35462
CHEMBL45	Q5T601
CHEMBL45	P13945
CHEMBL45	O95342
CHEMBL45	P24524
CHEMBL45	P32241
CHEMBL45	Q08209
CHEMBL45	P25024
CHEMBL45	P0DMS8
CHEMBL45	P21730
CHEMBL45	P33032
CHEMBL45	P25100
CHEMBL45	P46098
CHEMBL45	P29466
CHEMBL45	P23975
CHEMBL45	P05177
CHEMBL45	P28482
CHEMBL45	P08684
CHEMBL45	P00519
CHEMBL45	P47871
CHEMBL45	P08246
CHEMBL45	P21917
CHEMBL45	P24557
CHEMBL45	P25103
CHEMBL45	P35439
CHEMBL45	P15823
CHEMBL45	P55201
CHEMBL45	P24530
CHEMBL45	P14780
CHEMBL45	P11509
CHEMBL45	Q9Y271
CHEMBL45	P30988
CHEMBL45	P07943
CHEMBL45	P35968
CHEMBL45	P08173
CHEMBL45	P08913
CHEMBL45	P49798
CHEMBL45	P30518
CHEMBL45	Q92847
CHEMBL45	P43140
CHEMBL45	P22002
CHEMBL45	P35367
CHEMBL45	P14416
CHEMBL45	P03372
CHEMBL45	P10275
CHEMBL45	Q99714
CHEMBL45	P29476
CHEMBL45	P21453
CHEMBL45	P11511
CHEMBL45	Q14432
CHEMBL45	P41968
CHEMBL45	P32245
CHEMBL45	Q99720
CHEMBL45	P10145
CHEMBL45	O14965
CHEMBL45	Q5NUL3
CHEMBL45	P06401
CHEMBL45	P62813
CHEMBL45	P48730
CHEMBL45	P22607
CHEMBL45	P06239
CHEMBL45	P49238
CHEMBL45	O75496
CHEMBL45	P18825
CHEMBL45	P00352
CHEMBL45	O42275
CHEMBL45	P05181
CHEMBL45	P06276
CHEMBL45	P17948
CHEMBL45	P23795
CHEMBL45	P46663
CHEMBL45	Q16678
CHEMBL45	P12822
CHEMBL45	P51050
CHEMBL45	P28223
CHEMBL45	P48039
CHEMBL45	P04035
CHEMBL45	P18089
CHEMBL45	P51679
CHEMBL45	P17252
CHEMBL45	Q13936
CHEMBL45	P49841
CHEMBL45	P08575
CHEMBL45	Q9Y6L6
CHEMBL45	Q9N1N9
CHEMBL45	P25929
CHEMBL45	O15164
CHEMBL45	P19327
CHEMBL45	O89049
CHEMBL45	P00734
CHEMBL45	P49286
CHEMBL45	P32239
CHEMBL45	Q92731
CHEMBL45	P08172
CHEMBL45	P49146
CHEMBL45	P54132
CHEMBL45	Q12809
CHEMBL45	P08912
CHEMBL45	P15207
CHEMBL45	P21554
CHEMBL45	Q96KQ7
CHEMBL45	P29475
CHEMBL45	Q03164
CHEMBL45	Q63921
CHEMBL45	P35354
CHEMBL45	P20781
CHEMBL45	P34998
CHEMBL45	P33261
CHEMBL45	P00533
CHEMBL45	Q99549
CHEMBL45	Q9R1U7
CHEMBL45	Q96QE3
CHEMBL45	P18507
CHEMBL45	P35348
CHEMBL45	Q01668
CHEMBL45	O43193
CHEMBL45	P12530
CHEMBL45	Q08499
CHEMBL45	P25090
CHEMBL45	Q9HC97
CHEMBL45	Q16236
CHEMBL45	O15438
CHEMBL45	P37288
CHEMBL45	P04626
CHEMBL45	P21397
CHEMBL45	Q01453
CHEMBL45	P03956
CHEMBL45	P27361
CHEMBL45	P48546
CHEMBL45	P07550
CHEMBL45	Q9Y5N1
CHEMBL45	Q99808
CHEMBL45	Q9NUW8
CHEMBL45	P22303
CHEMBL45	P04150
CHEMBL45	Q8TDV5
CHEMBL45	Q01959
CHEMBL45	P41597
CHEMBL45	Q9NPD5
CHEMBL45	P25105
CHEMBL45	P08311
CHEMBL45	O15648
CHEMBL45	P29274
CHEMBL45	P81908
CHEMBL45	P05164
CHEMBL45	P23219
CHEMBL45	P15428
CHEMBL45	P21728
CHEMBL45	O60840
CHEMBL45	Q690N0
CHEMBL45	P47870
CHEMBL45	P47869
CHEMBL45	P97612
CHEMBL45	P21452
CHEMBL45	P16083
CHEMBL45	P41595
CHEMBL45	O00255
CHEMBL45	P10635
CHEMBL45	P43681
CHEMBL45	P28335
CHEMBL45	P29477
CHEMBL45	Q9UBN7
CHEMBL45	P0DTD1
CHEMBL45	P04798
CHEMBL45	Q13324
CHEMBL45	P07727
CHEMBL110	P11712
CHEMBL110	P11229
CHEMBL110	O15439
CHEMBL110	P25021
CHEMBL110	P27815
CHEMBL110	Q92887
CHEMBL110	Q197X6
CHEMBL110	P30556
CHEMBL110	P25101
CHEMBL110	P41145
CHEMBL110	P30542
CHEMBL110	P35372
CHEMBL110	Q8WS26
CHEMBL110	P32238
CHEMBL110	O75469
CHEMBL110	P21731
CHEMBL110	P20309
CHEMBL110	P41143
CHEMBL110	P31645
CHEMBL110	P08908
CHEMBL110	P28593
CHEMBL110	P08588
CHEMBL110	P30411
CHEMBL110	P35462
CHEMBL110	O95342
CHEMBL110	P0DMS8
CHEMBL110	P22830
CHEMBL110	P46098
CHEMBL110	P23975
CHEMBL110	P05177
CHEMBL110	Q99700
CHEMBL110	P08684
CHEMBL110	P35439
CHEMBL110	P08913
CHEMBL110	P30518
CHEMBL110	Q92847
CHEMBL110	P22002
CHEMBL110	P35367
CHEMBL110	P14416
CHEMBL110	P03372
CHEMBL110	P10275
CHEMBL110	Q14432
CHEMBL110	P41968
CHEMBL110	P08397
CHEMBL110	P06401
CHEMBL110	P62813
CHEMBL110	O75496
CHEMBL110	P18825
CHEMBL110	P28223
CHEMBL110	P18089
CHEMBL110	P25779
CHEMBL110	P25929
CHEMBL110	O89049
CHEMBL110	P00734
CHEMBL110	P32239
CHEMBL110	P08172
CHEMBL110	Q12809
CHEMBL110	P21554
CHEMBL110	P15207
CHEMBL110	Q7Z1V1
CHEMBL110	Q63921
CHEMBL110	P35354
CHEMBL110	P33261
CHEMBL110	P35348
CHEMBL110	O43193
CHEMBL110	Q08499
CHEMBL110	O15438
CHEMBL110	P37288
CHEMBL110	P21397
CHEMBL110	P07550
CHEMBL110	Q9Y5N1
CHEMBL110	Q99808
CHEMBL110	P52270
CHEMBL110	P22303
CHEMBL110	P04150
CHEMBL110	Q01959
CHEMBL110	P04406
CHEMBL110	P29274
CHEMBL110	P23219
CHEMBL110	P21728
CHEMBL110	P41595
CHEMBL110	P10635
CHEMBL110	P43681
CHEMBL110	P28335
CHEMBL110	Q9UBN7
CHEMBL110	Q96GD4
CHEMBL110	P0DTD1
CHEMBL110	P00811
CHEMBL17860	Q14432
CHEMBL17860	P41968
CHEMBL17860	P11229
CHEMBL17860	Q63921
CHEMBL17860	P30411
CHEMBL17860	P35462
CHEMBL17860	P35354
CHEMBL17860	P06401
CHEMBL17860	Q4G017
CHEMBL17860	P62813
CHEMBL17860	P21554
CHEMBL17860	P25021
CHEMBL17860	P0DMS8
CHEMBL17860	P18825
CHEMBL17860	P35348
CHEMBL17860	O43193
CHEMBL17860	P46098
CHEMBL17860	Q08499
CHEMBL17860	P23975
CHEMBL17860	P22086
CHEMBL17860	P28223
CHEMBL17860	P37288
CHEMBL17860	P18089
CHEMBL17860	P21397
CHEMBL17860	P30556
CHEMBL17860	P25101
CHEMBL17860	P41145
CHEMBL17860	P07550
CHEMBL17860	Q9Y5N1
CHEMBL17860	Q99808
CHEMBL17860	P30542
CHEMBL17860	P22909
CHEMBL17860	P04150
CHEMBL17860	P35372
CHEMBL17860	P35439
CHEMBL17860	Q01959
CHEMBL17860	P15823
CHEMBL17860	P29274
CHEMBL17860	P21728
CHEMBL17860	P32238
CHEMBL17860	P19328
CHEMBL17860	P08913
CHEMBL17860	O75469
CHEMBL17860	P25929
CHEMBL17860	P21731
CHEMBL17860	P30518
CHEMBL17860	P41595
CHEMBL17860	P20309
CHEMBL17860	Q92847
CHEMBL17860	P43140
CHEMBL17860	P41143
CHEMBL17860	P43681
CHEMBL17860	P28335
CHEMBL17860	P22002
CHEMBL17860	P31645
CHEMBL17860	P32239
CHEMBL17860	P08908
CHEMBL17860	P08172
CHEMBL17860	P35367
CHEMBL17860	Q9UBN7
CHEMBL17860	P0DTD1
CHEMBL17860	Q12809
CHEMBL17860	P14416
CHEMBL17860	P03372
CHEMBL17860	P08588
CHEMBL17860	P15207
CHEMBL17860	P23944
CHEMBL278623	Q14432
CHEMBL278623	P11229
CHEMBL278623	P35462
CHEMBL278623	P06401
CHEMBL278623	P62813
CHEMBL278623	P27815
CHEMBL278623	P35348
CHEMBL278623	P23975
CHEMBL278623	P21397
CHEMBL278623	Q9Y5N1
CHEMBL278623	P30542
CHEMBL278623	P35372
CHEMBL278623	P22303
CHEMBL278623	Q01959
CHEMBL278623	P23219
CHEMBL278623	P21728
CHEMBL278623	P08913
CHEMBL278623	P21731
CHEMBL278623	P41595
CHEMBL278623	Q92847
CHEMBL278623	P00734
CHEMBL278623	P31645
CHEMBL278623	P08908
CHEMBL278623	P08172
CHEMBL278623	P03372
CHEMBL278623	P10275
CHEMBL125	P11712
CHEMBL125	P11229
CHEMBL125	P25021
CHEMBL125	P30556
CHEMBL125	P25101
CHEMBL125	P41145
CHEMBL125	P30542
CHEMBL125	P35372
CHEMBL125	P32238
CHEMBL125	O75469
CHEMBL125	P21731
CHEMBL125	P20309
CHEMBL125	P41143
CHEMBL125	P31645
CHEMBL125	P31749
CHEMBL125	P08908
CHEMBL125	Q7BGE6
CHEMBL125	P08588
CHEMBL125	P02545
CHEMBL125	P30411
CHEMBL125	P35462
CHEMBL125	P0DMS8
CHEMBL125	P22830
CHEMBL125	P46098
CHEMBL125	P23975
CHEMBL125	P05177
CHEMBL125	P08684
CHEMBL125	P35439
CHEMBL125	P08913
CHEMBL125	P30518
CHEMBL125	Q92847
CHEMBL125	P22002
CHEMBL125	P35367
CHEMBL125	P14416
CHEMBL125	P03372
CHEMBL125	P21556
CHEMBL125	Q14432
CHEMBL125	P41968
CHEMBL125	P02791
CHEMBL125	P08397
CHEMBL125	P06401
CHEMBL125	P62813
CHEMBL125	O75496
CHEMBL125	P18825
CHEMBL125	P28223
CHEMBL125	P18089
CHEMBL125	Q13822
CHEMBL125	P25779
CHEMBL125	Q9Y6L6
CHEMBL125	P25929
CHEMBL125	P32239
CHEMBL125	P08172
CHEMBL125	Q12809
CHEMBL125	P21554
CHEMBL125	P15207
CHEMBL125	Q63921
CHEMBL125	P35354
CHEMBL125	P33261
CHEMBL125	Q92830
CHEMBL125	P0CP75
CHEMBL125	P35348
CHEMBL125	O43193
CHEMBL125	Q08499
CHEMBL125	P06493
CHEMBL125	P37288
CHEMBL125	P07550
CHEMBL125	Q9Y5N1
CHEMBL125	Q99808
CHEMBL125	P04150
CHEMBL125	Q01959
CHEMBL125	P08659
CHEMBL125	Q9NPD5
CHEMBL125	P29274
CHEMBL125	P21728
CHEMBL125	P41595
CHEMBL125	Q548M1
CHEMBL125	P10635
CHEMBL125	P43681
CHEMBL125	P28335
CHEMBL125	Q9UBN7
CHEMBL125	Q96GD4
CHEMBL125	P30304
CHEMBL284092	P19020
CHEMBL284092	P19327
CHEMBL284092	P43140
CHEMBL284092	P18901
CHEMBL284092	P25115
CHEMBL284092	P61169
CHEMBL284092	P15823
CHEMBL284092	P08908
CHEMBL284092	P28223
CHEMBL284092	P14416
CHEMBL284092	P08684
CHEMBL284092	P30729
CHEMBL284092	P23944
CHEMBL441738	P33033
CHEMBL441738	P33032
CHEMBL441738	P41968
CHEMBL441738	P32245
CHEMBL441738	P56450
CHEMBL441738	P00813
CHEMBL441738	P41149
CHEMBL441738	Q01727
CHEMBL441738	P32244
CHEMBL441738	Q01726
CHEMBL290960	Q14432
CHEMBL290960	P11229
CHEMBL290960	P07858
CHEMBL290960	P08397
CHEMBL290960	P35462
CHEMBL290960	P06401
CHEMBL290960	P61604
CHEMBL290960	P18507
CHEMBL290960	P0DMS8
CHEMBL290960	P27815
CHEMBL290960	P22830
CHEMBL290960	P35348
CHEMBL290960	O42275
CHEMBL290960	P14867
CHEMBL290960	P23975
CHEMBL290960	Q9U763
CHEMBL290960	P21397
CHEMBL290960	Q9Y5N1
CHEMBL290960	P35372
CHEMBL290960	P22303
CHEMBL290960	Q01959
CHEMBL290960	P10809
CHEMBL290960	P23219
CHEMBL290960	P21728
CHEMBL290960	P35968
CHEMBL290960	P47870
CHEMBL290960	P08913
CHEMBL290960	Q95PM0
CHEMBL290960	P47869
CHEMBL290960	P21731
CHEMBL290960	P41595
CHEMBL290960	Q548M1
CHEMBL290960	P00734
CHEMBL290960	P31645
CHEMBL290960	P08908
CHEMBL290960	P08172
CHEMBL290960	Q9UBN7
CHEMBL290960	Q7BGE6
CHEMBL290960	Q12809
CHEMBL290960	P28593
CHEMBL290960	P03372
CHEMBL290960	P10275
CHEMBL290916	A6XA80
CHEMBL290916	P11712
CHEMBL290916	Q9UNA4
CHEMBL290916	P19793
CHEMBL290916	P11229
CHEMBL290916	P50406
CHEMBL290916	O76074
CHEMBL290916	P00918
CHEMBL290916	P04062
CHEMBL290916	P05067
CHEMBL290916	P51681
CHEMBL290916	P25021
CHEMBL290916	P25025
CHEMBL290916	P27815
CHEMBL290916	P15127
CHEMBL290916	P9WHJ3
CHEMBL290916	P06241
CHEMBL290916	P14867
CHEMBL290916	P50052
CHEMBL290916	P22771
CHEMBL290916	P9WMR3
CHEMBL290916	P27338
CHEMBL290916	B2RXH2
CHEMBL290916	P25101
CHEMBL290916	P41145
CHEMBL290916	P30542
CHEMBL290916	P35372
CHEMBL290916	Q16539
CHEMBL290916	Q16637
CHEMBL290916	P16662
CHEMBL290916	P32238
CHEMBL290916	P28564
CHEMBL290916	P21731
CHEMBL290916	O70528
CHEMBL290916	P20309
CHEMBL290916	P41143
CHEMBL290916	P39654
CHEMBL290916	P31645
CHEMBL290916	P08908
CHEMBL290916	P21588
CHEMBL290916	P22310
CHEMBL290916	P08588
CHEMBL290916	P16473
CHEMBL290916	P30411
CHEMBL290916	P35462
CHEMBL290916	P13945
CHEMBL290916	P32241
CHEMBL290916	Q08209
CHEMBL290916	P24524
CHEMBL290916	P25024
CHEMBL290916	P0DMS8
CHEMBL290916	P33032
CHEMBL290916	P25100
CHEMBL290916	P29466
CHEMBL290916	P23975
CHEMBL290916	P05177
CHEMBL290916	P28482
CHEMBL290916	P37231
CHEMBL290916	P08246
CHEMBL290916	P08684
CHEMBL290916	P24557
CHEMBL290916	P21917
CHEMBL290916	P25103
CHEMBL290916	P15823
CHEMBL290916	P11509
CHEMBL290916	P14780
CHEMBL290916	Q9Y271
CHEMBL290916	P30988
CHEMBL290916	P07943
CHEMBL290916	P35968
CHEMBL290916	P08173
CHEMBL290916	P08913
CHEMBL290916	O75874
CHEMBL290916	P43140
CHEMBL290916	P35367
CHEMBL290916	P21589
CHEMBL290916	P14416
CHEMBL290916	P03372
CHEMBL290916	P10275
CHEMBL290916	P29476
CHEMBL290916	P39748
CHEMBL290916	P51450
CHEMBL290916	Q14432
CHEMBL290916	P41968
CHEMBL290916	P32245
CHEMBL290916	P54855
CHEMBL290916	Q99720
CHEMBL290916	O60656
CHEMBL290916	P06401
CHEMBL290916	P62813
CHEMBL290916	O75496
CHEMBL290916	P06239
CHEMBL290916	P18825
CHEMBL290916	P00352
CHEMBL290916	P15917
CHEMBL290916	P05181
CHEMBL290916	P17948
CHEMBL290916	Q13951
CHEMBL290916	P28223
CHEMBL290916	P12822
CHEMBL290916	P04035
CHEMBL290916	P18089
CHEMBL290916	P35503
CHEMBL290916	P51679
CHEMBL290916	P17252
CHEMBL290916	P08575
CHEMBL290916	P19224
CHEMBL290916	P25929
CHEMBL290916	P19327
CHEMBL290916	O89049
CHEMBL290916	P00734
CHEMBL290916	Q92731
CHEMBL290916	P08172
CHEMBL290916	P49146
CHEMBL290916	Q12809
CHEMBL290916	P08912
CHEMBL290916	P15207
CHEMBL290916	P11473
CHEMBL290916	P21554
CHEMBL290916	Q03164
CHEMBL290916	O75795
CHEMBL290916	P35354
CHEMBL290916	P10253
CHEMBL290916	P20781
CHEMBL290916	P33261
CHEMBL290916	P00533
CHEMBL290916	P18507
CHEMBL290916	Q01196
CHEMBL290916	P35348
CHEMBL290916	P12530
CHEMBL290916	Q16236
CHEMBL290916	P22309
CHEMBL290916	P04626
CHEMBL290916	P37288
CHEMBL290916	P21397
CHEMBL290916	P03956
CHEMBL290916	P27361
CHEMBL290916	P07550
CHEMBL290916	Q9Y5N1
CHEMBL290916	Q9NUW8
CHEMBL290916	P22303
CHEMBL290916	Q9HAW8
CHEMBL290916	P04150
CHEMBL290916	Q01959
CHEMBL290916	P41597
CHEMBL290916	P27695
CHEMBL290916	P25105
CHEMBL290916	P08311
CHEMBL290916	P29274
CHEMBL290916	P23219
CHEMBL290916	P21728
CHEMBL290916	P47870
CHEMBL290916	Q690N0
CHEMBL290916	P47869
CHEMBL290916	Q9HAW7
CHEMBL290916	P21452
CHEMBL290916	P41595
CHEMBL290916	O00255
CHEMBL290916	P10635
CHEMBL290916	P29477
CHEMBL290916	P28335
CHEMBL290916	P06133
CHEMBL290916	Q9UBN7
CHEMBL290916	Q9HAW9
CHEMBL290916	P0DTD1
CHEMBL290916	P07727
CHEMBL290916	P10636
CHEMBL48449	A6XA80
CHEMBL48449	P11712
CHEMBL48449	P11229
CHEMBL48449	P50406
CHEMBL48449	O76074
CHEMBL48449	P00918
CHEMBL48449	P25021
CHEMBL48449	P51681
CHEMBL48449	P25025
CHEMBL48449	P15127
CHEMBL48449	P06241
CHEMBL48449	P50052
CHEMBL48449	P22771
CHEMBL48449	P25101
CHEMBL48449	P41145
CHEMBL48449	P30542
CHEMBL48449	P35372
CHEMBL48449	Q16539
CHEMBL48449	P25094
CHEMBL48449	Q16637
CHEMBL48449	P36873
CHEMBL48449	P32238
CHEMBL48449	P28564
CHEMBL48449	O70528
CHEMBL48449	P20309
CHEMBL48449	P41143
CHEMBL48449	P31645
CHEMBL48449	P04637
CHEMBL48449	P08588
CHEMBL48449	P02545
CHEMBL48449	P30411
CHEMBL48449	P35462
CHEMBL48449	P13945
CHEMBL48449	P32241
CHEMBL48449	P24524
CHEMBL48449	Q08209
CHEMBL48449	P25024
CHEMBL48449	P0DMS8
CHEMBL48449	P33032
CHEMBL48449	Q16665
CHEMBL48449	P25100
CHEMBL48449	P29466
CHEMBL48449	P23975
CHEMBL48449	P05177
CHEMBL48449	P28482
CHEMBL48449	P08684
CHEMBL48449	P08246
CHEMBL48449	P24557
CHEMBL48449	P21917
CHEMBL48449	P25103
CHEMBL48449	P15823
CHEMBL48449	P11509
CHEMBL48449	P14780
CHEMBL48449	Q9Y271
CHEMBL48449	P30988
CHEMBL48449	P07943
CHEMBL48449	P08173
CHEMBL48449	P08913
CHEMBL48449	O75688
CHEMBL48449	P43140
CHEMBL48449	P35367
CHEMBL48449	P14416
CHEMBL48449	P03372
CHEMBL48449	P29476
CHEMBL48449	P51450
CHEMBL48449	P41968
CHEMBL48449	P32245
CHEMBL48449	Q99720
CHEMBL48449	O75496
CHEMBL48449	P06239
CHEMBL48449	P18825
CHEMBL48449	O42275
CHEMBL48449	P05181
CHEMBL48449	P17948
CHEMBL48449	P12822
CHEMBL48449	P28223
CHEMBL48449	P04035
CHEMBL48449	P18089
CHEMBL48449	P51679
CHEMBL48449	P17252
CHEMBL48449	P08575
CHEMBL48449	Q9Y6L6
CHEMBL48449	P25929
CHEMBL48449	P19327
CHEMBL48449	Q92731
CHEMBL48449	P08172
CHEMBL48449	P49146
CHEMBL48449	Q12809
CHEMBL48449	P08912
CHEMBL48449	P15207
CHEMBL48449	P21554
CHEMBL48449	P35354
CHEMBL48449	P20781
CHEMBL48449	P33261
CHEMBL48449	P00533
CHEMBL48449	Q92830
CHEMBL48449	P67775
CHEMBL48449	O00743
CHEMBL48449	P12530
CHEMBL48449	P04626
CHEMBL48449	P37288
CHEMBL48449	P21397
CHEMBL48449	P03956
CHEMBL48449	P27361
CHEMBL48449	P07550
CHEMBL48449	P22303
CHEMBL48449	P04150
CHEMBL48449	Q01959
CHEMBL48449	Q8AWE3
CHEMBL48449	P41597
CHEMBL48449	Q9NPD5
CHEMBL48449	P25105
CHEMBL48449	P08311
CHEMBL48449	P29274
CHEMBL48449	P81908
CHEMBL48449	P23219
CHEMBL48449	P21728
CHEMBL48449	Q690N0
CHEMBL48449	P53041
CHEMBL48449	P21452
CHEMBL48449	P41595
CHEMBL48449	P10635
CHEMBL48449	P29477
CHEMBL48449	P28335
CHEMBL48449	Q9UBN7
CHEMBL48449	P0DTD1
CHEMBL48449	P07727
CHEMBL48449	P18031
CHEMBL295698	P08684
CHEMBL295698	P0DTD1
CHEMBL298470	Q14432
CHEMBL298470	P11229
CHEMBL298470	P02768
CHEMBL298470	P35462
CHEMBL298470	P06401
CHEMBL298470	P62813
CHEMBL298470	P27815
CHEMBL298470	P35348
CHEMBL298470	P23975
CHEMBL298470	P21397
CHEMBL298470	Q9Y5N1
CHEMBL298470	P30542
CHEMBL298470	P35372
CHEMBL298470	P22303
CHEMBL298470	Q01959
CHEMBL298470	P23219
CHEMBL298470	P21728
CHEMBL298470	P08913
CHEMBL298470	P21731
CHEMBL298470	P41595
CHEMBL298470	P00734
CHEMBL298470	P31645
CHEMBL298470	P08908
CHEMBL298470	P08172
CHEMBL298470	Q9UBN7
CHEMBL298470	P0DTD1
CHEMBL298470	P03372
CHEMBL298470	P10275
CHEMBL298734	Q5EI74
CHEMBL298734	Q04631
CHEMBL298734	Q02293
CHEMBL298734	Q5EAD5
CHEMBL298734	Q8K2I1
CHEMBL298734	P49355
CHEMBL298734	P08183
CHEMBL298734	Q61239
CHEMBL298734	Q9UBN7
CHEMBL298734	P49356
CHEMBL298734	P49354
CHEMBL298734	P53609
CHEMBL298734	P53610
CHEMBL298734	P0DTD1
CHEMBL298734	P08684
CHEMBL298734	Q5EI73
CHEMBL298734	P01112
CHEMBL298734	P29702
CHEMBL306700	P11229
CHEMBL306700	P50406
CHEMBL306700	P25021
CHEMBL306700	P27815
CHEMBL306700	P31652
CHEMBL306700	P14867
CHEMBL306700	P30989
CHEMBL306700	P50052
CHEMBL306700	Q02294
CHEMBL306700	Q9R1M7
CHEMBL306700	P30556
CHEMBL306700	P25101
CHEMBL306700	P41145
CHEMBL306700	P30542
CHEMBL306700	P35372
CHEMBL306700	P34969
CHEMBL306700	Q62645
CHEMBL306700	P32238
CHEMBL306700	P21731
CHEMBL306700	P20309
CHEMBL306700	P41143
CHEMBL306700	P31645
CHEMBL306700	P08908
CHEMBL306700	P08588
CHEMBL306700	P23977
CHEMBL306700	P47898
CHEMBL306700	P30411
CHEMBL306700	P35462
CHEMBL306700	P13945
CHEMBL306700	Q00960
CHEMBL306700	P0DMS8
CHEMBL306700	P46098
CHEMBL306700	P23975
CHEMBL306700	Q8VHN2
CHEMBL306700	P47871
CHEMBL306700	P21917
CHEMBL306700	P25103
CHEMBL306700	P35439
CHEMBL306700	P24530
CHEMBL306700	P35968
CHEMBL306700	P08173
CHEMBL306700	P08913
CHEMBL306700	P30518
CHEMBL306700	Q92847
CHEMBL306700	P22002
CHEMBL306700	P35367
CHEMBL306700	P14416
CHEMBL306700	P03372
CHEMBL306700	P10275
CHEMBL306700	P16499
CHEMBL306700	Q14432
CHEMBL306700	P41968
CHEMBL306700	P32245
CHEMBL306700	P06401
CHEMBL306700	P62813
CHEMBL306700	P18825
CHEMBL306700	P46663
CHEMBL306700	P28223
CHEMBL306700	P18089
CHEMBL306700	Q9UBS5
CHEMBL306700	Q00961
CHEMBL306700	P25929
CHEMBL306700	P00734
CHEMBL306700	P32239
CHEMBL306700	Q92731
CHEMBL306700	P08172
CHEMBL306700	P49146
CHEMBL306700	Q12809
CHEMBL306700	P08912
CHEMBL306700	P15207
CHEMBL306700	P21554
CHEMBL306700	Q63921
CHEMBL306700	P35354
CHEMBL306700	P34998
CHEMBL306700	Q00959
CHEMBL306700	P18507
CHEMBL306700	P35348
CHEMBL306700	O43193
CHEMBL306700	P21918
CHEMBL306700	Q08499
CHEMBL306700	P37288
CHEMBL306700	P21397
CHEMBL306700	P48546
CHEMBL306700	P07550
CHEMBL306700	Q9Y5N1
CHEMBL306700	Q99808
CHEMBL306700	P22303
CHEMBL306700	P04150
CHEMBL306700	Q01959
CHEMBL306700	P29274
CHEMBL306700	P23219
CHEMBL306700	P21728
CHEMBL306700	P47870
CHEMBL306700	P47869
CHEMBL306700	P21452
CHEMBL306700	P41595
CHEMBL306700	P43681
CHEMBL306700	P28335
CHEMBL306700	Q9WTR4
CHEMBL306700	Q9UBN7
CHEMBL306700	Q13324
CHEMBL87493	P11229
CHEMBL87493	P25021
CHEMBL87493	P31652
CHEMBL87493	Q01827
CHEMBL87493	P30989
CHEMBL87493	Q02294
CHEMBL87493	P30556
CHEMBL87493	P25101
CHEMBL87493	P41145
CHEMBL87493	P30542
CHEMBL87493	P35372
CHEMBL87493	P32238
CHEMBL87493	P21731
CHEMBL87493	P20309
CHEMBL87493	P41143
CHEMBL87493	P31645
CHEMBL87493	P08908
CHEMBL87493	P08588
CHEMBL87493	P02545
CHEMBL87493	P30411
CHEMBL87493	P35462
CHEMBL87493	P13945
CHEMBL87493	P0DMS8
CHEMBL87493	P46098
CHEMBL87493	P23975
CHEMBL87493	P47871
CHEMBL87493	P21917
CHEMBL87493	P25103
CHEMBL87493	P35439
CHEMBL87493	P24530
CHEMBL87493	P08913
CHEMBL87493	P30518
CHEMBL87493	Q92847
CHEMBL87493	P22002
CHEMBL87493	P35367
CHEMBL87493	P14416
CHEMBL87493	P03372
CHEMBL87493	Q14432
CHEMBL87493	P41968
CHEMBL87493	P32245
CHEMBL87493	P06401
CHEMBL87493	P62813
CHEMBL87493	P18825
CHEMBL87493	P46663
CHEMBL87493	P28223
CHEMBL87493	P18089
CHEMBL87493	Q9UBS5
CHEMBL87493	P25929
CHEMBL87493	P32239
CHEMBL87493	Q92731
CHEMBL87493	P08172
CHEMBL87493	P49146
CHEMBL87493	Q12809
CHEMBL87493	P21554
CHEMBL87493	P15207
CHEMBL87493	Q96KQ7
CHEMBL87493	Q63921
CHEMBL87493	P35354
CHEMBL87493	P34998
CHEMBL87493	P35348
CHEMBL87493	O43193
CHEMBL87493	Q08499
CHEMBL87493	P37288
CHEMBL87493	P21397
CHEMBL87493	P48546
CHEMBL87493	P07550
CHEMBL87493	Q9Y5N1
CHEMBL87493	Q99808
CHEMBL87493	P04150
CHEMBL87493	Q01959
CHEMBL87493	P29274
CHEMBL87493	P21728
CHEMBL87493	P41595
CHEMBL87493	P43681
CHEMBL87493	P28335
CHEMBL87493	Q13324
CHEMBL87493	P10636
CHEMBL90593	P37840
CHEMBL90593	Q96KQ7
CHEMBL90593	Q03164
CHEMBL90593	P54855
CHEMBL90593	O75795
CHEMBL90593	P02545
CHEMBL90593	O00204
CHEMBL90593	P49888
CHEMBL90593	O35627
CHEMBL90593	O94782
CHEMBL90593	Q8TDU6
CHEMBL90593	Q01453
CHEMBL90593	P08684
CHEMBL90593	Q194T2
CHEMBL90593	P70502
CHEMBL90593	Q9NUW8
CHEMBL90593	P27695
CHEMBL90593	P11413
CHEMBL90593	P25094
CHEMBL90593	P56937
CHEMBL90593	P83916
CHEMBL90593	Q9UHC9
CHEMBL90593	Q06520
CHEMBL90593	P08185
CHEMBL90593	P21396
CHEMBL90593	P04278
CHEMBL90593	O00255
CHEMBL90593	Q13148
CHEMBL90593	Q9GRG7
CHEMBL90593	P0DTD1
CHEMBL90593	P22310
CHEMBL90593	P08236
CHEMBL90593	P11473
CHEMBL90593	Q9Y6A2
CHEMBL110458	P11712
CHEMBL110458	Q03164
CHEMBL110458	Q14432
CHEMBL110458	Q653V7
CHEMBL110458	P11229
CHEMBL110458	P04066
CHEMBL110458	P35462
CHEMBL110458	P10253
CHEMBL110458	P16278
CHEMBL110458	O95342
CHEMBL110458	Q16739
CHEMBL110458	P10482
CHEMBL110458	P33261
CHEMBL110458	P06280
CHEMBL110458	P04062
CHEMBL110458	P62813
CHEMBL110458	P06401
CHEMBL110458	Q42656
CHEMBL110458	Q14697
CHEMBL110458	P0DMS8
CHEMBL110458	P27815
CHEMBL110458	P35348
CHEMBL110458	Q01827
CHEMBL110458	P09848
CHEMBL110458	P23975
CHEMBL110458	P05177
CHEMBL110458	Q9H227
CHEMBL110458	P21397
CHEMBL110458	P08684
CHEMBL110458	P03372
CHEMBL110458	Q02401
CHEMBL110458	P23739
CHEMBL110458	Q9Y5N1
CHEMBL110458	P30542
CHEMBL110458	P27695
CHEMBL110458	P22303
CHEMBL110458	P35372
CHEMBL110458	Q01959
CHEMBL110458	Q4FZV0
CHEMBL110458	Q2KIM0
CHEMBL110458	P23219
CHEMBL110458	P21728
CHEMBL110458	Q9UUZ4
CHEMBL110458	P35968
CHEMBL110458	I3LIR5
CHEMBL110458	P08913
CHEMBL110458	O00462
CHEMBL110458	P21731
CHEMBL110458	Q8VNN2
CHEMBL110458	P41595
CHEMBL110458	O00754
CHEMBL110458	P16050
CHEMBL110458	O00255
CHEMBL110458	P10635
CHEMBL110458	P14410
CHEMBL110458	P00734
CHEMBL110458	Q9SEH8
CHEMBL110458	P31645
CHEMBL110458	P35573
CHEMBL110458	P08908
CHEMBL110458	P08172
CHEMBL110458	D3ZUM4
CHEMBL110458	Q59750
CHEMBL110458	Q9Y2E5
CHEMBL110458	Q12809
CHEMBL110458	Q9HCG7
CHEMBL110458	O43451
CHEMBL110458	Q9LGC6
CHEMBL110458	Q58D55
CHEMBL110458	P10275
CHEMBL71595	Q14145
CHEMBL71595	P15559
CHEMBL71595	P08575
CHEMBL334966	P51575
CHEMBL334966	Q9H244
CHEMBL334966	O95342
CHEMBL139367	Q9IGQ6
CHEMBL139367	P03471
CHEMBL139367	A5Z252
CHEMBL139367	P03468
CHEMBL139367	Q8WWR8
CHEMBL139367	B4URF0
CHEMBL139367	Q9Y3R4
CHEMBL139367	P10481
CHEMBL139367	Q9UBN7
CHEMBL139367	P0DTD1
CHEMBL139367	Q9UQ49
CHEMBL139367	P03470
CHEMBL139367	D5F1R0
CHEMBL139367	Q99519
CHEMBL139367	P03474
CHEMBL539423	P26684
CHEMBL539423	P0DTD1
CHEMBL539423	P29089
CHEMBL539423	P25095
CHEMBL539423	P30556
CHEMBL539423	P25101
CHEMBL180022	P24941
CHEMBL180022	Q15375
CHEMBL180022	P08581
CHEMBL180022	O15439
CHEMBL180022	Q9UEW8
CHEMBL180022	P25021
CHEMBL180022	Q9H422
CHEMBL180022	Q13131
CHEMBL180022	Q86XP3
CHEMBL180022	Q92887
CHEMBL180022	P08574
CHEMBL180022	P06241
CHEMBL180022	Q04912
CHEMBL180022	Q9Y5S2
CHEMBL180022	P30556
CHEMBL180022	O00764
CHEMBL180022	Q9P286
CHEMBL180022	O14730
CHEMBL180022	O43683
CHEMBL180022	Q9BXA7
CHEMBL180022	O14920
CHEMBL180022	Q9Y2K2
CHEMBL180022	Q8TD08
CHEMBL180022	P27448
CHEMBL180022	P09769
CHEMBL180022	Q96L34
CHEMBL180022	P20340
CHEMBL180022	Q7Z406
CHEMBL180022	Q9UIK4
CHEMBL180022	Q96D53
CHEMBL180022	Q08345
CHEMBL180022	Q9H0A0
CHEMBL180022	P50750
CHEMBL180022	P08588
CHEMBL180022	Q96RR4
CHEMBL180022	P62826
CHEMBL180022	P33991
CHEMBL180022	P37023
CHEMBL180022	P43403
CHEMBL180022	Q6XUX3
CHEMBL180022	O43318
CHEMBL180022	P0DMS8
CHEMBL180022	O75914
CHEMBL180022	P22830
CHEMBL180022	Q86TW2
CHEMBL180022	P36894
CHEMBL180022	O75385
CHEMBL180022	P42680
CHEMBL180022	Q9NQU5
CHEMBL180022	Q86UX6
CHEMBL180022	Q05655
CHEMBL180022	Q86Z02
CHEMBL180022	O76039
CHEMBL180022	O60331
CHEMBL180022	Q8IYT8
CHEMBL180022	P17612
CHEMBL180022	Q13882
CHEMBL180022	P30530
CHEMBL180022	Q13418
CHEMBL180022	P19784
CHEMBL180022	Q8IU85
CHEMBL180022	P22002
CHEMBL180022	P41240
CHEMBL180022	Q52WX2
CHEMBL180022	Q13555
CHEMBL180022	Q06187
CHEMBL180022	P25098
CHEMBL180022	P45985
CHEMBL180022	Q16513
CHEMBL180022	Q08881
CHEMBL180022	P49336
CHEMBL180022	Q14432
CHEMBL180022	P41968
CHEMBL180022	P51159
CHEMBL180022	O14965
CHEMBL180022	Q9Y6R4
CHEMBL180022	P51957
CHEMBL180022	P26196
CHEMBL180022	P48730
CHEMBL180022	Q8NEV4
CHEMBL180022	Q9Y2H9
CHEMBL180022	O43353
CHEMBL180022	Q6P3R8
CHEMBL180022	P53667
CHEMBL180022	P08631
CHEMBL180022	P53671
CHEMBL180022	Q05513
CHEMBL180022	Q86UE8
CHEMBL180022	Q8IVW4
CHEMBL180022	Q9BRS2
CHEMBL180022	Q9Y616
CHEMBL180022	O75582
CHEMBL180022	P08172
CHEMBL180022	Q15418
CHEMBL180022	P07333
CHEMBL180022	P29323
CHEMBL180022	P78356
CHEMBL180022	Q8WXR4
CHEMBL180022	Q9P289
CHEMBL180022	O00264
CHEMBL180022	Q8NE63
CHEMBL180022	Q86Y07
CHEMBL180022	Q9H4B4
CHEMBL180022	O95382
CHEMBL180022	O14976
CHEMBL180022	Q9HAZ1
CHEMBL180022	Q12852
CHEMBL180022	O15146
CHEMBL180022	P51817
CHEMBL180022	Q08499
CHEMBL180022	Q96S44
CHEMBL180022	O75716
CHEMBL180022	P61026
CHEMBL180022	Q9Y243
CHEMBL180022	P42684
CHEMBL180022	P14616
CHEMBL180022	Q96S53
CHEMBL180022	P42338
CHEMBL180022	O75460
CHEMBL180022	Q8TDR2
CHEMBL180022	Q16659
CHEMBL180022	P49840
CHEMBL180022	Q15831
CHEMBL180022	P43250
CHEMBL180022	O96013
CHEMBL180022	Q12851
CHEMBL180022	P54756
CHEMBL180022	P41595
CHEMBL180022	Q9UQM7
CHEMBL180022	Q8TBX8
CHEMBL180022	Q9UBN7
CHEMBL180022	Q92772
CHEMBL180022	Q8WTQ7
CHEMBL180022	P22234
CHEMBL180022	O15075
CHEMBL180022	Q2M2I8
CHEMBL180022	P54819
CHEMBL180022	Q13554
CHEMBL180022	Q96RG2
CHEMBL180022	O95835
CHEMBL180022	O95819
CHEMBL180022	P10721
CHEMBL180022	Q9UQB9
CHEMBL180022	Q6JQN1
CHEMBL180022	P46734
CHEMBL180022	Q9NYY3
CHEMBL180022	Q96BR1
CHEMBL180022	Q9BZL6
CHEMBL180022	P35372
CHEMBL180022	P13861
CHEMBL180022	P29322
CHEMBL180022	P43405
CHEMBL180022	P21731
CHEMBL180022	Q9P0L2
CHEMBL180022	P41143
CHEMBL180022	Q8N568
CHEMBL180022	P42685
CHEMBL180022	Q16584
CHEMBL180022	Q13233
CHEMBL180022	P08908
CHEMBL180022	Q15392
CHEMBL180022	Q9BWU1
CHEMBL180022	P68400
CHEMBL180022	Q13177
CHEMBL180022	P61075
CHEMBL180022	P49589
CHEMBL180022	Q9BUB5
CHEMBL180022	O00329
CHEMBL180022	O95342
CHEMBL180022	Q9BZE4
CHEMBL180022	P23443
CHEMBL180022	P11802
CHEMBL180022	Q9H2K8
CHEMBL180022	P42285
CHEMBL180022	P08922
CHEMBL180022	Q00535
CHEMBL180022	Q96NX5
CHEMBL180022	P23975
CHEMBL180022	P54762
CHEMBL180022	P0C1S8
CHEMBL180022	Q8N5S9
CHEMBL180022	Q6ZSR9
CHEMBL180022	O14733
CHEMBL180022	Q13237
CHEMBL180022	Q9Y6M4
CHEMBL180022	Q16635
CHEMBL180022	P62344
CHEMBL180022	P31689
CHEMBL180022	Q04759
CHEMBL180022	P43686
CHEMBL180022	Q96Q40
CHEMBL180022	Q9UKI8
CHEMBL180022	Q15835
CHEMBL180022	O14936
CHEMBL180022	Q3MIX3
CHEMBL180022	Q15139
CHEMBL180022	P30518
CHEMBL180022	P53779
CHEMBL180022	P12236
CHEMBL180022	P31751
CHEMBL180022	P50613
CHEMBL180022	P78362
CHEMBL180022	Q9UPZ9
CHEMBL180022	Q96PY6
CHEMBL180022	Q13557
CHEMBL180022	Q92630
CHEMBL180022	O94921
CHEMBL180022	Q13164
CHEMBL180022	P51955
CHEMBL180022	P36897
CHEMBL180022	O75676
CHEMBL180022	P12931
CHEMBL180022	P54764
CHEMBL180022	P11216
CHEMBL180022	P61160
CHEMBL180022	Q07002
CHEMBL180022	O43283
CHEMBL180022	Q9HBH9
CHEMBL180022	P06239
CHEMBL180022	Q15759
CHEMBL180022	Q8TD19
CHEMBL180022	P23458
CHEMBL180022	P32298
CHEMBL180022	P17252
CHEMBL180022	Q14680
CHEMBL180022	Q8TDX7
CHEMBL180022	Q9UBE8
CHEMBL180022	Q8TDC3
CHEMBL180022	Q9Y2U5
CHEMBL180022	P11388
CHEMBL180022	Q02750
CHEMBL180022	P32239
CHEMBL180022	Q8WU08
CHEMBL180022	Q12809
CHEMBL180022	P45984
CHEMBL180022	P57078
CHEMBL180022	P36507
CHEMBL180022	O60313
CHEMBL180022	Q9UGJ0
CHEMBL180022	Q15349
CHEMBL180022	Q15303
CHEMBL180022	P35916
CHEMBL180022	P35354
CHEMBL180022	Q5VT25
CHEMBL180022	Q06418
CHEMBL180022	P57059
CHEMBL180022	O95747
CHEMBL180022	P51617
CHEMBL180022	Q8IY84
CHEMBL180022	Q16816
CHEMBL180022	Q99683
CHEMBL180022	O96017
CHEMBL180022	O43193
CHEMBL180022	P04899
CHEMBL180022	P06493
CHEMBL180022	Q8NFD2
CHEMBL180022	Q9NRM7
CHEMBL180022	O15438
CHEMBL180022	P04049
CHEMBL180022	P07949
CHEMBL180022	P27361
CHEMBL180022	Q00532
CHEMBL180022	P15735
CHEMBL180022	Q59H18
CHEMBL180022	Q02763
CHEMBL180022	Q7KZI7
CHEMBL180022	P11274
CHEMBL180022	P16083
CHEMBL180022	P37173
CHEMBL180022	Q16620
CHEMBL180022	P42336
CHEMBL180022	P0DTD1
CHEMBL180022	P08069
CHEMBL180022	O15264
CHEMBL180022	O15197
CHEMBL180022	P07741
CHEMBL180022	Q76MJ5
CHEMBL180022	P07332
CHEMBL180022	P11229
CHEMBL180022	Q14004
CHEMBL180022	P53350
CHEMBL180022	P42345
CHEMBL180022	Q9Y4K4
CHEMBL180022	P21802
CHEMBL180022	P42681
CHEMBL180022	Q16832
CHEMBL180022	Q5S007
CHEMBL180022	Q92499
CHEMBL180022	O75116
CHEMBL180022	Q9BVS4
CHEMBL180022	Q9UL54
CHEMBL180022	Q9NRH2
CHEMBL180022	Q16539
CHEMBL180022	P18074
CHEMBL180022	P16234
CHEMBL180022	P51956
CHEMBL180022	O00506
CHEMBL180022	Q05397
CHEMBL180022	P49674
CHEMBL180022	P29376
CHEMBL180022	P21709
CHEMBL180022	P41250
CHEMBL180022	Q9UQ88
CHEMBL180022	Q14683
CHEMBL180022	Q709F0
CHEMBL180022	O43293
CHEMBL180022	Q99759
CHEMBL180022	P31152
CHEMBL180022	O00571
CHEMBL180022	P0C264
CHEMBL180022	P28482
CHEMBL180022	Q8N752
CHEMBL180022	O95347
CHEMBL180022	Q9P2K8
CHEMBL180022	P00519
CHEMBL180022	P54760
CHEMBL180022	Q00536
CHEMBL180022	Q8NG66
CHEMBL180022	Q9UBF8
CHEMBL180022	Q9Y2W1
CHEMBL180022	P52333
CHEMBL180022	Q00537
CHEMBL180022	P35367
CHEMBL180022	P14416
CHEMBL180022	O15254
CHEMBL180022	Q13188
CHEMBL180022	P32245
CHEMBL180022	P22455
CHEMBL180022	Q9H773
CHEMBL180022	P27037
CHEMBL180022	P22607
CHEMBL180022	Q13163
CHEMBL180022	P18825
CHEMBL180022	Q01813
CHEMBL180022	Q8IVH8
CHEMBL180022	P49760
CHEMBL180022	Q9C098
CHEMBL180022	P53778
CHEMBL180022	Q9BX84
CHEMBL180022	P80192
CHEMBL180022	P05141
CHEMBL180022	P29320
CHEMBL180022	P49841
CHEMBL180022	P05771
CHEMBL180022	Q32MK0
CHEMBL180022	P49748
CHEMBL180022	Q15067
CHEMBL180022	P25929
CHEMBL180022	P29597
CHEMBL180022	P48729
CHEMBL180022	Q9NY57
CHEMBL180022	P48736
CHEMBL180022	P21554
CHEMBL180022	P22694
CHEMBL180022	Q9HC98
CHEMBL180022	Q14289
CHEMBL180022	Q9ULC5
CHEMBL180022	P00533
CHEMBL180022	Q13470
CHEMBL180022	P54619
CHEMBL180022	Q8NI60
CHEMBL180022	Q8N4C8
CHEMBL180022	P49137
CHEMBL180022	Q15569
CHEMBL180022	Q09013
CHEMBL180022	P35348
CHEMBL180022	P51812
CHEMBL180022	P49761
CHEMBL180022	Q15746
CHEMBL180022	P54646
CHEMBL180022	P04626
CHEMBL180022	O60674
CHEMBL180022	Q13873
CHEMBL180022	P06737
CHEMBL180022	P07550
CHEMBL180022	Q99808
CHEMBL180022	Q12866
CHEMBL180022	Q01959
CHEMBL180022	Q07912
CHEMBL180022	Q9NSD9
CHEMBL180022	O00238
CHEMBL180022	Q86V86
CHEMBL180022	P09619
CHEMBL180022	P10398
CHEMBL180022	P43681
CHEMBL180022	Q13705
CHEMBL180022	Q96GD4
CHEMBL180022	Q9UM73
CHEMBL180022	P35580
CHEMBL180022	P9WI81
CHEMBL180022	Q9UHD2
CHEMBL180022	P36888
CHEMBL180022	P15056
CHEMBL180022	O14578
CHEMBL180022	P51813
CHEMBL180022	P07947
CHEMBL180022	O60885
CHEMBL180022	Q00526
CHEMBL180022	P78368
CHEMBL180022	Q99755
CHEMBL180022	P35590
CHEMBL180022	Q9UPE1
CHEMBL180022	P11309
CHEMBL180022	P04629
CHEMBL180022	Q6ZN16
CHEMBL180022	P51451
CHEMBL180022	O00750
CHEMBL180022	Q13546
CHEMBL180022	Q86YV6
CHEMBL180022	P30291
CHEMBL180022	O14757
CHEMBL180022	Q5HYI8
CHEMBL180022	Q9UK32
CHEMBL180022	Q99640
CHEMBL180022	P54577
CHEMBL180022	P31645
CHEMBL180022	P31749
CHEMBL180022	Q16288
CHEMBL180022	Q00534
CHEMBL180022	Q9NSY1
CHEMBL180022	P41743
CHEMBL180022	P52564
CHEMBL180022	Q56UN5
CHEMBL180022	P20794
CHEMBL180022	Q02156
CHEMBL180022	Q9UF33
CHEMBL180022	Q02779
CHEMBL180022	P29317
CHEMBL180022	Q9NTK5
CHEMBL180022	Q9UHD8
CHEMBL180022	Q15208
CHEMBL180022	Q14012
CHEMBL180022	Q6PHR2
CHEMBL180022	Q9NRP7
CHEMBL180022	Q7L7X3
CHEMBL180022	Q9H1R3
CHEMBL180022	P49759
CHEMBL180022	Q96SB4
CHEMBL180022	Q7RTN6
CHEMBL180022	P55201
CHEMBL180022	Q9H093
CHEMBL180022	P36896
CHEMBL180022	P35968
CHEMBL180022	Q04771
CHEMBL180022	P42679
CHEMBL180022	Q9H2G2
CHEMBL180022	Q58FF8
CHEMBL180022	P21127
CHEMBL180022	Q92847
CHEMBL180022	P53355
CHEMBL180022	Q9NYV4
CHEMBL180022	Q9UKE5
CHEMBL180022	Q8IW41
CHEMBL180022	Q9P0J0
CHEMBL180022	P24723
CHEMBL180022	Q14164
CHEMBL180022	Q13153
CHEMBL180022	P17948
CHEMBL180022	O75747
CHEMBL180022	P28223
CHEMBL180022	Q9HCP0
CHEMBL180022	P27707
CHEMBL180022	P21860
CHEMBL180022	O94768
CHEMBL180022	P46937
CHEMBL180022	Q9H3Y6
CHEMBL180022	Q9Y2H1
CHEMBL180022	Q9Y6E0
CHEMBL180022	O94806
CHEMBL180022	Q92918
CHEMBL180022	P19525
CHEMBL180022	O15164
CHEMBL180022	Q8IWQ3
CHEMBL180022	Q13976
CHEMBL180022	O15111
CHEMBL180022	Q6DT37
CHEMBL180022	Q9UEE5
CHEMBL180022	Q63921
CHEMBL180022	P11362
CHEMBL180022	Q9NWZ3
CHEMBL180022	O75643
CHEMBL180022	P07948
CHEMBL180022	P06213
CHEMBL180022	P16591
CHEMBL180022	Q9H2X6
CHEMBL180022	Q9P1W9
CHEMBL180022	Q13464
CHEMBL180022	P21397
CHEMBL180022	Q16566
CHEMBL180022	O60285
CHEMBL180022	P49411
CHEMBL180022	Q9Y463
CHEMBL180022	Q02880
CHEMBL180022	Q9NYL2
CHEMBL180022	P55263
CHEMBL180022	P29274
CHEMBL180022	P21728
CHEMBL180022	P54753
CHEMBL180022	Q16512
CHEMBL180022	Q13043
CHEMBL180022	Q9BQI3
CHEMBL180022	O94804
CHEMBL180022	O15530
CHEMBL180022	Q13627
CHEMBL180022	P45983
CHEMBL180022	P33981
CHEMBL180022	Q9Y572
CHEMBL180022	Q9NU22
CHEMBL180022	Q9BYT3
CHEMBL180022	Q13523
CHEMBL180022	Q9H0K1
CHEMBL180022	O00444
CHEMBL180022	P57058
CHEMBL361497	Q71U36
CHEMBL361497	P24941
CHEMBL361497	P11229
CHEMBL361497	P47811
CHEMBL361497	O15439
CHEMBL361497	P25021
CHEMBL361497	Q3ZCM7
CHEMBL361497	Q92887
CHEMBL361497	O60885
CHEMBL361497	P30556
CHEMBL361497	Q60680
CHEMBL361497	P25101
CHEMBL361497	P41145
CHEMBL361497	P30542
CHEMBL361497	P19838
CHEMBL361497	P35372
CHEMBL361497	P32238
CHEMBL361497	O75469
CHEMBL361497	Q9WUI1
CHEMBL361497	P21731
CHEMBL361497	P20309
CHEMBL361497	P41143
CHEMBL361497	P07437
CHEMBL361497	P31645
CHEMBL361497	P08908
CHEMBL361497	P68371
CHEMBL361497	P08588
CHEMBL361497	Q13509
CHEMBL361497	P30411
CHEMBL361497	P35462
CHEMBL361497	P11387
CHEMBL361497	O95342
CHEMBL361497	P0DMS8
CHEMBL361497	P46098
CHEMBL361497	P23975
CHEMBL361497	P28482
CHEMBL361497	P00519
CHEMBL361497	P05227
CHEMBL361497	P35439
CHEMBL361497	P55201
CHEMBL361497	Q6PEY2
CHEMBL361497	P08913
CHEMBL361497	O88351
CHEMBL361497	P30518
CHEMBL361497	Q92847
CHEMBL361497	O08911
CHEMBL361497	P22002
CHEMBL361497	Q9BVA1
CHEMBL361497	P35367
CHEMBL361497	P14416
CHEMBL361497	P03372
CHEMBL361497	Q04206
CHEMBL361497	Q14432
CHEMBL361497	P41968
CHEMBL361497	O14965
CHEMBL361497	P06401
CHEMBL361497	P62813
CHEMBL361497	P48730
CHEMBL361497	P22607
CHEMBL361497	Q13885
CHEMBL361497	P18825
CHEMBL361497	O42275
CHEMBL361497	P28223
CHEMBL361497	P68363
CHEMBL361497	P18089
CHEMBL361497	Q00653
CHEMBL361497	P68366
CHEMBL361497	P49841
CHEMBL361497	P25929
CHEMBL361497	O15164
CHEMBL361497	Q9BQE3
CHEMBL361497	P32239
CHEMBL361497	Q9H4B7
CHEMBL361497	P08172
CHEMBL361497	Q12809
CHEMBL361497	P15207
CHEMBL361497	P21554
CHEMBL361497	Q63921
CHEMBL361497	P35354
CHEMBL361497	P35348
CHEMBL361497	O43193
CHEMBL361497	P0DPH7
CHEMBL361497	Q08499
CHEMBL361497	O15438
CHEMBL361497	P37288
CHEMBL361497	P21397
CHEMBL361497	P07550
CHEMBL361497	Q9Y5N1
CHEMBL361497	Q99808
CHEMBL361497	P04150
CHEMBL361497	Q01959
CHEMBL361497	P29274
CHEMBL361497	P81908
CHEMBL361497	P04350
CHEMBL361497	P21728
CHEMBL361497	Q9BUF5
CHEMBL361497	P41595
CHEMBL361497	P43681
CHEMBL361497	P28335
CHEMBL361497	Q9Z1B7
CHEMBL361497	Q9UBN7
CHEMBL361497	P0DTD1
CHEMBL435298	P49768
CHEMBL435298	Q63921
CHEMBL435298	Q9NZ42
CHEMBL435298	Q13148
CHEMBL435298	P35354
CHEMBL435298	Q8WW43
CHEMBL435298	P23219
CHEMBL435298	Q9UBN7
CHEMBL435298	Q96BI3
CHEMBL435298	Q92542
CHEMBL435298	P0DTD1
CHEMBL435298	P49810
CHEMBL435298	Q05769
CHEMBL435298	P22437
CHEMBL435298	P25024
CHEMBL435298	P25025
CHEMBL190461	P11712
CHEMBL190461	P11229
CHEMBL190461	Q8R455
CHEMBL190461	P50406
CHEMBL190461	P02768
CHEMBL190461	P25021
CHEMBL190461	Q6RI86
CHEMBL190461	P14867
CHEMBL190461	P30556
CHEMBL190461	P25101
CHEMBL190461	P41145
CHEMBL190461	Q9H3N8
CHEMBL190461	P30542
CHEMBL190461	P35372
CHEMBL190461	P34969
CHEMBL190461	Q5BJF2
CHEMBL190461	P32238
CHEMBL190461	O75469
CHEMBL190461	P21731
CHEMBL190461	P08683
CHEMBL190461	P20309
CHEMBL190461	Q9Y2T6
CHEMBL190461	P41143
CHEMBL190461	P31645
CHEMBL190461	P00338
CHEMBL190461	P08908
CHEMBL190461	P24462
CHEMBL190461	P08588
CHEMBL190461	P47898
CHEMBL190461	Q64459
CHEMBL190461	Q99572
CHEMBL190461	P35462
CHEMBL190461	P13945
CHEMBL190461	Q7Z2W7
CHEMBL190461	O95342
CHEMBL190461	P14842
CHEMBL190461	P0DMS8
CHEMBL190461	P25100
CHEMBL190461	P46098
CHEMBL190461	P29466
CHEMBL190461	P23975
CHEMBL190461	P05177
CHEMBL190461	O08914
CHEMBL190461	P37231
CHEMBL190461	P08684
CHEMBL190461	P21917
CHEMBL190461	P11509
CHEMBL190461	P20813
CHEMBL190461	P35968
CHEMBL190461	P08173
CHEMBL190461	P08913
CHEMBL190461	Q92847
CHEMBL190461	Q4QYD9
CHEMBL190461	P22002
CHEMBL190461	P35367
CHEMBL190461	P14416
CHEMBL190461	P03372
CHEMBL190461	Q9WUD2
CHEMBL190461	Q14432
CHEMBL190461	P41968
CHEMBL190461	Q99720
CHEMBL190461	Q14524
CHEMBL190461	P06401
CHEMBL190461	P20815
CHEMBL190461	P62813
CHEMBL190461	P34972
CHEMBL190461	P18825
CHEMBL190461	O42275
CHEMBL190461	P07195
CHEMBL190461	Q16678
CHEMBL190461	P28223
CHEMBL190461	P28566
CHEMBL190461	P18089
CHEMBL190461	P11715
CHEMBL190461	Q9Y4D2
CHEMBL190461	P20272
CHEMBL190461	P28221
CHEMBL190461	Q9ERZ8
CHEMBL190461	P35368
CHEMBL190461	P08172
CHEMBL190461	P47936
CHEMBL190461	Q96P20
CHEMBL190461	P08912
CHEMBL190461	P15207
CHEMBL190461	P21554
CHEMBL190461	Q63921
CHEMBL190461	P35354
CHEMBL190461	P33261
CHEMBL190461	P00533
CHEMBL190461	P18507
CHEMBL190461	P35348
CHEMBL190461	O43193
CHEMBL190461	P21918
CHEMBL190461	Q08499
CHEMBL190461	Q8NER1
CHEMBL190461	Q16236
CHEMBL190461	P04626
CHEMBL190461	P37288
CHEMBL190461	P21397
CHEMBL190461	P07550
CHEMBL190461	Q9Y5N1
CHEMBL190461	Q99808
CHEMBL190461	P22303
CHEMBL190461	P04150
CHEMBL190461	Q02083
CHEMBL190461	Q01959
CHEMBL190461	P29274
CHEMBL190461	P81908
CHEMBL190461	P21728
CHEMBL190461	P47870
CHEMBL190461	P47869
CHEMBL190461	P97612
CHEMBL190461	P41595
CHEMBL190461	P10635
CHEMBL190461	P43681
CHEMBL190461	P28335
CHEMBL190461	P28222
CHEMBL190461	P0DTD1
CHEMBL190461	P30536
CHEMBL190461	P04798
CHEMBL189963	P24941
CHEMBL189963	Q15375
CHEMBL189963	P08581
CHEMBL189963	P25021
CHEMBL189963	Q13131
CHEMBL189963	Q86XP3
CHEMBL189963	P08574
CHEMBL189963	P06241
CHEMBL189963	Q04912
CHEMBL189963	Q9Y5S2
CHEMBL189963	P30556
CHEMBL189963	O00764
CHEMBL189963	O43683
CHEMBL189963	P30281
CHEMBL189963	Q9Y2K2
CHEMBL189963	Q8TD08
CHEMBL189963	P32238
CHEMBL189963	P27448
CHEMBL189963	P20309
CHEMBL189963	Q96L34
CHEMBL189963	P20340
CHEMBL189963	Q7Z406
CHEMBL189963	Q08345
CHEMBL189963	Q9H0A0
CHEMBL189963	P50750
CHEMBL189963	P08588
CHEMBL189963	Q96RR4
CHEMBL189963	P62826
CHEMBL189963	P47898
CHEMBL189963	P33991
CHEMBL189963	O75909
CHEMBL189963	P0DMS8
CHEMBL189963	P22830
CHEMBL189963	Q86TW2
CHEMBL189963	P36894
CHEMBL189963	O00311
CHEMBL189963	O75385
CHEMBL189963	P42680
CHEMBL189963	Q9NQU5
CHEMBL189963	Q05655
CHEMBL189963	O76039
CHEMBL189963	P17612
CHEMBL189963	Q13882
CHEMBL189963	Q13418
CHEMBL189963	P19784
CHEMBL189963	Q8IU85
CHEMBL189963	P22002
CHEMBL189963	P41240
CHEMBL189963	Q13555
CHEMBL189963	Q06187
CHEMBL189963	P25098
CHEMBL189963	P45985
CHEMBL189963	Q16513
CHEMBL189963	P16499
CHEMBL189963	P49336
CHEMBL189963	Q14432
CHEMBL189963	P41968
CHEMBL189963	P51159
CHEMBL189963	O14965
CHEMBL189963	Q9Y6R4
CHEMBL189963	P26196
CHEMBL189963	P48730
CHEMBL189963	O43353
CHEMBL189963	P24385
CHEMBL189963	Q9UBS5
CHEMBL189963	P53667
CHEMBL189963	P08631
CHEMBL189963	P53671
CHEMBL189963	Q9Y616
CHEMBL189963	O75582
CHEMBL189963	P08172
CHEMBL189963	P49146
CHEMBL189963	Q15418
CHEMBL189963	P07333
CHEMBL189963	P29323
CHEMBL189963	P08912
CHEMBL189963	Q9P289
CHEMBL189963	O00264
CHEMBL189963	O60563
CHEMBL189963	O95382
CHEMBL189963	O14976
CHEMBL189963	P30519
CHEMBL189963	Q9HAZ1
CHEMBL189963	P51817
CHEMBL189963	Q08499
CHEMBL189963	Q96S44
CHEMBL189963	O75716
CHEMBL189963	P61026
CHEMBL189963	Q6P5Z2
CHEMBL189963	Q9Y243
CHEMBL189963	P42684
CHEMBL189963	Q96S53
CHEMBL189963	P22303
CHEMBL189963	O75460
CHEMBL189963	P51948
CHEMBL189963	P49840
CHEMBL189963	O96013
CHEMBL189963	Q15831
CHEMBL189963	P43250
CHEMBL189963	Q12851
CHEMBL189963	P54756
CHEMBL189963	P41595
CHEMBL189963	Q9UQM7
CHEMBL189963	Q8TBX8
CHEMBL189963	Q9UBN7
CHEMBL189963	P22234
CHEMBL189963	Q2M2I8
CHEMBL189963	P54819
CHEMBL189963	O95835
CHEMBL189963	Q96RG2
CHEMBL189963	O95819
CHEMBL189963	Q9P2R7
CHEMBL189963	Q6JQN1
CHEMBL189963	P46734
CHEMBL189963	P30989
CHEMBL189963	Q9BZL6
CHEMBL189963	P41145
CHEMBL189963	P08240
CHEMBL189963	P30542
CHEMBL189963	P35372
CHEMBL189963	P13861
CHEMBL189963	P43405
CHEMBL189963	P21731
CHEMBL189963	P41143
CHEMBL189963	P42685
CHEMBL189963	Q16584
CHEMBL189963	Q13233
CHEMBL189963	P08908
CHEMBL189963	Q15392
CHEMBL189963	P13945
CHEMBL189963	O00329
CHEMBL189963	O95342
CHEMBL189963	Q9BZE4
CHEMBL189963	P23443
CHEMBL189963	P11802
CHEMBL189963	Q9H2K8
CHEMBL189963	P42285
CHEMBL189963	Q00535
CHEMBL189963	P23975
CHEMBL189963	P34947
CHEMBL189963	Q6ZSR9
CHEMBL189963	Q9Y6M4
CHEMBL189963	P31689
CHEMBL189963	P25103
CHEMBL189963	Q04759
CHEMBL189963	P24530
CHEMBL189963	P43686
CHEMBL189963	P08913
CHEMBL189963	Q3MIX3
CHEMBL189963	P30518
CHEMBL189963	P50613
CHEMBL189963	P12236
CHEMBL189963	P31751
CHEMBL189963	P53779
CHEMBL189963	Q9UPZ9
CHEMBL189963	Q96PY6
CHEMBL189963	Q13557
CHEMBL189963	Q13164
CHEMBL189963	P51955
CHEMBL189963	P10275
CHEMBL189963	P36897
CHEMBL189963	O75676
CHEMBL189963	P12931
CHEMBL189963	P54764
CHEMBL189963	P11216
CHEMBL189963	P61160
CHEMBL189963	Q07002
CHEMBL189963	P62813
CHEMBL189963	P06239
CHEMBL189963	Q15759
CHEMBL189963	P46663
CHEMBL189963	Q8TD19
CHEMBL189963	P23458
CHEMBL189963	P17252
CHEMBL189963	Q14680
CHEMBL189963	Q9UBE8
CHEMBL189963	Q9Y2U5
CHEMBL189963	P11388
CHEMBL189963	Q02750
CHEMBL189963	P06400
CHEMBL189963	P32239
CHEMBL189963	P24864
CHEMBL189963	Q12809
CHEMBL189963	P45984
CHEMBL189963	P15207
CHEMBL189963	P36507
CHEMBL189963	O60313
CHEMBL189963	Q9UGJ0
CHEMBL189963	P35354
CHEMBL189963	Q5VT25
CHEMBL189963	P34998
CHEMBL189963	Q06418
CHEMBL189963	P51617
CHEMBL189963	Q99683
CHEMBL189963	O43193
CHEMBL189963	P21918
CHEMBL189963	P04899
CHEMBL189963	P06493
CHEMBL189963	P07949
CHEMBL189963	P27361
CHEMBL189963	P48546
CHEMBL189963	P15735
CHEMBL189963	P04150
CHEMBL189963	Q7KZI7
CHEMBL189963	P11274
CHEMBL189963	P21452
CHEMBL189963	P16083
CHEMBL189963	P28335
CHEMBL189963	P37173
CHEMBL189963	Q16620
CHEMBL189963	P22612
CHEMBL189963	P0DTD1
CHEMBL189963	P08069
CHEMBL189963	O15197
CHEMBL189963	Q76MJ5
CHEMBL189963	P07332
CHEMBL189963	P11229
CHEMBL189963	Q14004
CHEMBL189963	P50406
CHEMBL189963	Q9Y4K4
CHEMBL189963	Q16832
CHEMBL189963	P27815
CHEMBL189963	Q5S007
CHEMBL189963	Q92499
CHEMBL189963	O75116
CHEMBL189963	Q9UL54
CHEMBL189963	P25101
CHEMBL189963	Q16539
CHEMBL189963	P18074
CHEMBL189963	P16234
CHEMBL189963	P51956
CHEMBL189963	Q05397
CHEMBL189963	P49674
CHEMBL189963	P29376
CHEMBL189963	P51946
CHEMBL189963	P41250
CHEMBL189963	P30411
CHEMBL189963	P35462
CHEMBL189963	Q709F0
CHEMBL189963	O43293
CHEMBL189963	P61158
CHEMBL189963	Q99759
CHEMBL189963	O00571
CHEMBL189963	P28482
CHEMBL189963	O95347
CHEMBL189963	P00519
CHEMBL189963	P54760
CHEMBL189963	Q00536
CHEMBL189963	P48426
CHEMBL189963	P08173
CHEMBL189963	P52333
CHEMBL189963	Q00537
CHEMBL189963	P31153
CHEMBL189963	P35367
CHEMBL189963	Q15078
CHEMBL189963	P14416
CHEMBL189963	P03372
CHEMBL189963	O15254
CHEMBL189963	Q13188
CHEMBL189963	P32245
CHEMBL189963	Q14524
CHEMBL189963	Q9H773
CHEMBL189963	P22607
CHEMBL189963	Q13163
CHEMBL189963	P18825
CHEMBL189963	Q01813
CHEMBL189963	Q8IVH8
CHEMBL189963	P49760
CHEMBL189963	P05141
CHEMBL189963	P49841
CHEMBL189963	P05771
CHEMBL189963	Q32MK0
CHEMBL189963	Q96SW2
CHEMBL189963	P49748
CHEMBL189963	P25929
CHEMBL189963	P29597
CHEMBL189963	P48729
CHEMBL189963	Q92731
CHEMBL189963	P21554
CHEMBL189963	P22694
CHEMBL189963	Q14289
CHEMBL189963	Q9ULC5
CHEMBL189963	P00533
CHEMBL189963	Q13470
CHEMBL189963	P54619
CHEMBL189963	Q8NI60
CHEMBL189963	Q8N4C8
CHEMBL189963	P49137
CHEMBL189963	Q15569
CHEMBL189963	P35348
CHEMBL189963	P51812
CHEMBL189963	P49761
CHEMBL189963	Q15746
CHEMBL189963	P78396
CHEMBL189963	O60674
CHEMBL189963	Q13873
CHEMBL189963	P06737
CHEMBL189963	P07550
CHEMBL189963	Q99808
CHEMBL189963	Q12866
CHEMBL189963	Q9Y5N1
CHEMBL189963	Q01959
CHEMBL189963	Q07912
CHEMBL189963	Q9NSD9
CHEMBL189963	O00238
CHEMBL189963	P09619
CHEMBL189963	P10398
CHEMBL189963	P43681
CHEMBL189963	Q13705
CHEMBL189963	Q96GD4
CHEMBL189963	Q9UM73
CHEMBL189963	P35580
CHEMBL189963	Q9UHD2
CHEMBL189963	P36888
CHEMBL189963	P15056
CHEMBL189963	O14578
CHEMBL189963	Q01827
CHEMBL189963	P07947
CHEMBL189963	Q02294
CHEMBL189963	O60885
CHEMBL189963	Q00526
CHEMBL189963	P78368
CHEMBL189963	P34969
CHEMBL189963	P11309
CHEMBL189963	P04629
CHEMBL189963	P30291
CHEMBL189963	O14757
CHEMBL189963	Q5HYI8
CHEMBL189963	Q9UK32
CHEMBL189963	Q99640
CHEMBL189963	P54577
CHEMBL189963	P31645
CHEMBL189963	P14635
CHEMBL189963	P31749
CHEMBL189963	Q16288
CHEMBL189963	Q00534
CHEMBL189963	Q9NSY1
CHEMBL189963	P41743
CHEMBL189963	P52564
CHEMBL189963	P29317
CHEMBL189963	Q9UHD8
CHEMBL189963	Q15208
CHEMBL189963	Q6PHR2
CHEMBL189963	Q7L7X3
CHEMBL189963	P46098
CHEMBL189963	P49759
CHEMBL189963	P47871
CHEMBL189963	P21917
CHEMBL189963	Q7RTN6
CHEMBL189963	P35439
CHEMBL189963	P30279
CHEMBL189963	P55201
CHEMBL189963	P20248
CHEMBL189963	Q9H093
CHEMBL189963	P36896
CHEMBL189963	P35968
CHEMBL189963	Q04771
CHEMBL189963	Q9H2G2
CHEMBL189963	Q58FF8
CHEMBL189963	Q92847
CHEMBL189963	Q9NYV4
CHEMBL189963	Q9UKE5
CHEMBL189963	Q8IW41
CHEMBL189963	Q9P0J0
CHEMBL189963	Q14164
CHEMBL189963	P06401
CHEMBL189963	P17948
CHEMBL189963	P28223
CHEMBL189963	Q9HCP0
CHEMBL189963	P27707
CHEMBL189963	P18089
CHEMBL189963	Q9Y2H1
CHEMBL189963	Q9Y6E0
CHEMBL189963	O94806
CHEMBL189963	Q92918
CHEMBL189963	O15164
CHEMBL189963	Q13976
CHEMBL189963	P00734
CHEMBL189963	Q6DT37
CHEMBL189963	Q9NSE4
CHEMBL189963	Q63921
CHEMBL189963	P11362
CHEMBL189963	Q9NWZ3
CHEMBL189963	O75643
CHEMBL189963	P07948
CHEMBL189963	P06213
CHEMBL189963	P16591
CHEMBL189963	Q9P1W9
CHEMBL189963	Q13464
CHEMBL189963	P49585
CHEMBL189963	P37288
CHEMBL189963	P21397
CHEMBL189963	Q16566
CHEMBL189963	O60285
CHEMBL189963	P49411
CHEMBL189963	Q9Y463
CHEMBL189963	Q02880
CHEMBL189963	Q9NYL2
CHEMBL189963	P55263
CHEMBL189963	P29274
CHEMBL189963	P23219
CHEMBL189963	P21728
CHEMBL189963	P54753
CHEMBL189963	Q16512
CHEMBL189963	Q13043
CHEMBL189963	Q9BQI3
CHEMBL189963	O94804
CHEMBL189963	Q13627
CHEMBL189963	P45983
CHEMBL189963	Q9NU22
CHEMBL189963	Q9Y572
CHEMBL189963	Q9H0K1
CHEMBL189963	O00444
CHEMBL262135	P35346
CHEMBL262135	P30872
CHEMBL262135	P31391
CHEMBL262135	P30874
CHEMBL262135	P32745
CHEMBL426084	P35372
CHEMBL426084	P41143
CHEMBL426084	P41145
CHEMBL197084	P35439
CHEMBL197084	Q62645
CHEMBL197084	Q9R1M7
CHEMBL197084	Q00961
CHEMBL197084	Q00960
CHEMBL197084	Q8VHN2
CHEMBL197084	Q00959
CHEMBL363392	Q12908
CHEMBL370805	P11229
CHEMBL370805	P25021
CHEMBL370805	P31652
CHEMBL370805	P14867
CHEMBL370805	Q9R1M7
CHEMBL370805	P30556
CHEMBL370805	P25101
CHEMBL370805	P41145
CHEMBL370805	P30542
CHEMBL370805	Q8N1C3
CHEMBL370805	P35372
CHEMBL370805	Q62645
CHEMBL370805	P08482
CHEMBL370805	P32238
CHEMBL370805	O75469
CHEMBL370805	P21731
CHEMBL370805	P23141
CHEMBL370805	Q16445
CHEMBL370805	P20309
CHEMBL370805	P41143
CHEMBL370805	Q99928
CHEMBL370805	P31645
CHEMBL370805	P08908
CHEMBL370805	P08588
CHEMBL370805	P23977
CHEMBL370805	P78334
CHEMBL370805	P30411
CHEMBL370805	P35462
CHEMBL370805	Q00960
CHEMBL370805	P0DMS8
CHEMBL370805	P35498
CHEMBL370805	P46098
CHEMBL370805	P23975
CHEMBL370805	Q8VHN2
CHEMBL370805	P35439
CHEMBL370805	Q9UN88
CHEMBL370805	Q9NY46
CHEMBL370805	Q63380
CHEMBL370805	P08913
CHEMBL370805	P30518
CHEMBL370805	Q92847
CHEMBL370805	P22002
CHEMBL370805	P35367
CHEMBL370805	Q9R0W2
CHEMBL370805	P14416
CHEMBL370805	P03372
CHEMBL370805	Q14432
CHEMBL370805	P41968
CHEMBL370805	P48169
CHEMBL370805	Q99720
CHEMBL370805	Q61327
CHEMBL370805	P06401
CHEMBL370805	P62813
CHEMBL370805	P18825
CHEMBL370805	P28223
CHEMBL370805	P18089
CHEMBL370805	Q9GJT6
CHEMBL370805	P34903
CHEMBL370805	Q00961
CHEMBL370805	P25929
CHEMBL370805	P32239
CHEMBL370805	P08172
CHEMBL370805	Q12809
CHEMBL370805	P18505
CHEMBL370805	P15207
CHEMBL370805	P21554
CHEMBL370805	P28472
CHEMBL370805	P27922
CHEMBL370805	Q63921
CHEMBL370805	P31648
CHEMBL370805	P35354
CHEMBL370805	O00591
CHEMBL370805	Q00959
CHEMBL370805	P18507
CHEMBL370805	O14764
CHEMBL370805	Q60492
CHEMBL370805	P35348
CHEMBL370805	O43193
CHEMBL370805	Q08499
CHEMBL370805	P37288
CHEMBL370805	P21397
CHEMBL370805	P07550
CHEMBL370805	Q9Y5N1
CHEMBL370805	Q99808
CHEMBL370805	Q01959
CHEMBL370805	P04150
CHEMBL370805	P29274
CHEMBL370805	P21728
CHEMBL370805	P47870
CHEMBL370805	P47869
CHEMBL370805	P41595
CHEMBL370805	P43681
CHEMBL370805	Q9WTR4
CHEMBL370805	P28335
CHEMBL370805	P31644
CHEMBL370805	Q99250
CHEMBL206253	P21453
CHEMBL206253	P43220
CHEMBL206253	P24941
CHEMBL206253	Q5T601
CHEMBL206253	O14965
CHEMBL206253	Q5NUL3
CHEMBL206253	P48730
CHEMBL206253	P22607
CHEMBL206253	P49238
CHEMBL206253	P21730
CHEMBL206253	P25090
CHEMBL206253	O60885
CHEMBL206253	Q9HC97
CHEMBL206253	P28482
CHEMBL206253	P30556
CHEMBL206253	P00519
CHEMBL206253	P07550
CHEMBL206253	Q8TDV5
CHEMBL206253	P49841
CHEMBL206253	P25103
CHEMBL206253	P35414
CHEMBL206253	P55201
CHEMBL206253	P08913
CHEMBL206253	O15164
CHEMBL206253	Q9UBN7
CHEMBL206253	P0DTD1
CHEMBL207538	Q9UNA4
CHEMBL207538	P30191
CHEMBL207538	Q9Y253
CHEMBL207538	P14867
CHEMBL207538	Q06278
CHEMBL207538	P63138
CHEMBL207538	A2AMW3
CHEMBL207538	P26048
CHEMBL207538	Q8N1C3
CHEMBL207538	P23576
CHEMBL207538	P16662
CHEMBL207538	Q8BHJ7
CHEMBL207538	Q91ZM7
CHEMBL207538	P22300
CHEMBL207538	Q16445
CHEMBL207538	Q99928
CHEMBL207538	Q13526
CHEMBL207538	P78334
CHEMBL207538	P02545
CHEMBL207538	P28471
CHEMBL207538	P28473
CHEMBL207538	Q6W5P4
CHEMBL207538	O35627
CHEMBL207538	P23574
CHEMBL207538	Q9JLF1
CHEMBL207538	P20237
CHEMBL207538	P26049
CHEMBL207538	O09028
CHEMBL207538	Q9R0Y8
CHEMBL207538	P62812
CHEMBL207538	Q9UN88
CHEMBL207538	P49798
CHEMBL207538	P10064
CHEMBL207538	P50571
CHEMBL207538	Q9D6F4
CHEMBL207538	P08220
CHEMBL207538	P18506
CHEMBL207538	P48169
CHEMBL207538	P18508
CHEMBL207538	P62813
CHEMBL207538	P63080
CHEMBL207538	O75496
CHEMBL207538	P34903
CHEMBL207538	Q9Y6L6
CHEMBL207538	P08219
CHEMBL207538	P54132
CHEMBL207538	P18505
CHEMBL207538	P28472
CHEMBL207538	Q8QZW7
CHEMBL207538	Q03164
CHEMBL207538	Q96KQ7
CHEMBL207538	O75795
CHEMBL207538	P10063
CHEMBL207538	P22723
CHEMBL207538	P16305
CHEMBL207538	O00591
CHEMBL207538	P22933
CHEMBL207538	P18507
CHEMBL207538	O14764
CHEMBL207538	P27681
CHEMBL207538	Q01453
CHEMBL207538	P63079
CHEMBL207538	P15431
CHEMBL207538	P11413
CHEMBL207538	Q9NPD5
CHEMBL207538	O15648
CHEMBL207538	P21728
CHEMBL207538	P47870
CHEMBL207538	P47869
CHEMBL207538	Q9ES14
CHEMBL207538	O00255
CHEMBL207538	P06133
CHEMBL207538	Q9UBN7
CHEMBL207538	P20236
CHEMBL207538	P0DTD1
CHEMBL207538	P31644
CHEMBL207538	P19969
CHEMBL211456	Q14432
CHEMBL211456	P41968
CHEMBL211456	P32245
CHEMBL211456	Q63921
CHEMBL211456	P11229
CHEMBL211456	P30411
CHEMBL211456	P35462
CHEMBL211456	P35354
CHEMBL211456	P13945
CHEMBL211456	Q14524
CHEMBL211456	P34998
CHEMBL211456	P06401
CHEMBL211456	P62813
CHEMBL211456	P21554
CHEMBL211456	P25021
CHEMBL211456	P0DMS8
CHEMBL211456	P18825
CHEMBL211456	P35348
CHEMBL211456	O43193
CHEMBL211456	P46098
CHEMBL211456	Q02294
CHEMBL211456	P23975
CHEMBL211456	P46663
CHEMBL211456	Q08499
CHEMBL211456	P28223
CHEMBL211456	P30989
CHEMBL211456	P37288
CHEMBL211456	P18089
CHEMBL211456	P21397
CHEMBL211456	P30556
CHEMBL211456	P25101
CHEMBL211456	P47871
CHEMBL211456	P41145
CHEMBL211456	P07550
CHEMBL211456	P21917
CHEMBL211456	Q99808
CHEMBL211456	P30542
CHEMBL211456	P48546
CHEMBL211456	P04150
CHEMBL211456	Q01959
CHEMBL211456	P25103
CHEMBL211456	P35439
CHEMBL211456	P35372
CHEMBL211456	Q9Y5N1
CHEMBL211456	P24530
CHEMBL211456	P29274
CHEMBL211456	Q8TDS4
CHEMBL211456	P21728
CHEMBL211456	P32238
CHEMBL211456	P08913
CHEMBL211456	Q92835
CHEMBL211456	P25929
CHEMBL211456	P21731
CHEMBL211456	P30518
CHEMBL211456	P41595
CHEMBL211456	P20309
CHEMBL211456	Q92847
CHEMBL211456	P41143
CHEMBL211456	P43681
CHEMBL211456	P22002
CHEMBL211456	P28335
CHEMBL211456	P31645
CHEMBL211456	P32239
CHEMBL211456	P08908
CHEMBL211456	P08172
CHEMBL211456	P49146
CHEMBL211456	Q9UBN7
CHEMBL211456	P35367
CHEMBL211456	Q92731
CHEMBL211456	Q12809
CHEMBL211456	P14416
CHEMBL211456	P03372
CHEMBL211456	Q13324
CHEMBL211456	P08588
CHEMBL211456	P15207
CHEMBL211456	O15357
CHEMBL443052	Q14432
CHEMBL443052	P11229
CHEMBL443052	P35462
CHEMBL443052	P00918
CHEMBL443052	P29990
CHEMBL443052	P06401
CHEMBL443052	P18507
CHEMBL443052	P0DMS8
CHEMBL443052	P27815
CHEMBL443052	P35348
CHEMBL443052	P14867
CHEMBL443052	P23975
CHEMBL443052	P21397
CHEMBL443052	Q9Y5N1
CHEMBL443052	P35372
CHEMBL443052	P22303
CHEMBL443052	Q01959
CHEMBL443052	Q8R4B8
CHEMBL443052	P23219
CHEMBL443052	P00915
CHEMBL443052	P21728
CHEMBL443052	P35968
CHEMBL443052	P08913
CHEMBL443052	P47870
CHEMBL443052	P47869
CHEMBL443052	P21731
CHEMBL443052	P41595
CHEMBL443052	P00734
CHEMBL443052	Q3I4V7
CHEMBL443052	P31645
CHEMBL443052	P08908
CHEMBL443052	P08172
CHEMBL443052	P26637
CHEMBL443052	Q9UBN7
CHEMBL443052	P0DTD1
CHEMBL443052	Q12809
CHEMBL443052	Q6FTL6
CHEMBL443052	P03372
CHEMBL443052	P10275
CHEMBL218650	P11712
CHEMBL218650	P11229
CHEMBL218650	P25021
CHEMBL218650	P27815
CHEMBL218650	P30989
CHEMBL218650	Q02294
CHEMBL218650	P30556
CHEMBL218650	P25101
CHEMBL218650	P41145
CHEMBL218650	P30542
CHEMBL218650	P35372
CHEMBL218650	P32238
CHEMBL218650	P21731
CHEMBL218650	P41143
CHEMBL218650	P31645
CHEMBL218650	P08908
CHEMBL218650	P08588
CHEMBL218650	P30411
CHEMBL218650	P35462
CHEMBL218650	P13945
CHEMBL218650	P0DMS8
CHEMBL218650	P22830
CHEMBL218650	P46098
CHEMBL218650	P23975
CHEMBL218650	P05177
CHEMBL218650	P08684
CHEMBL218650	P47871
CHEMBL218650	P21917
CHEMBL218650	P25103
CHEMBL218650	P35439
CHEMBL218650	P11509
CHEMBL218650	P24530
CHEMBL218650	P20813
CHEMBL218650	P08913
CHEMBL218650	P30518
CHEMBL218650	Q92847
CHEMBL218650	P22002
CHEMBL218650	P35367
CHEMBL218650	P14416
CHEMBL218650	P03372
CHEMBL218650	P10275
CHEMBL218650	Q14432
CHEMBL218650	P41968
CHEMBL218650	P32245
CHEMBL218650	P08397
CHEMBL218650	P10632
CHEMBL218650	P06401
CHEMBL218650	P62813
CHEMBL218650	P18825
CHEMBL218650	P05181
CHEMBL218650	P46663
CHEMBL218650	P28223
CHEMBL218650	P18089
CHEMBL218650	P25929
CHEMBL218650	P00734
CHEMBL218650	P32239
CHEMBL218650	Q92731
CHEMBL218650	P08172
CHEMBL218650	P49146
CHEMBL218650	Q12809
CHEMBL218650	P21554
CHEMBL218650	P15207
CHEMBL218650	Q63921
CHEMBL218650	P35354
CHEMBL218650	P34998
CHEMBL218650	P33261
CHEMBL218650	P35348
CHEMBL218650	O43193
CHEMBL218650	Q08499
CHEMBL218650	P37288
CHEMBL218650	P21397
CHEMBL218650	P48546
CHEMBL218650	P07550
CHEMBL218650	Q9Y5N1
CHEMBL218650	P04150
CHEMBL218650	P22303
CHEMBL218650	Q01959
CHEMBL218650	P23219
CHEMBL218650	P21728
CHEMBL218650	P41595
CHEMBL218650	P10635
CHEMBL218650	P43681
CHEMBL218650	P28335
CHEMBL218650	Q9UBN7
CHEMBL218650	P0DTD1
CHEMBL218650	P04798
CHEMBL218650	Q13324
CHEMBL373742	P30559
CHEMBL373742	Q14432
CHEMBL373742	P48044
CHEMBL373742	P32307
CHEMBL373742	P11229
CHEMBL373742	Q63120
CHEMBL373742	P35462
CHEMBL373742	O95342
CHEMBL373742	P30560
CHEMBL373742	P70536
CHEMBL373742	P62813
CHEMBL373742	P06401
CHEMBL373742	O15439
CHEMBL373742	P0DMS8
CHEMBL373742	P27815
CHEMBL373742	P47901
CHEMBL373742	Q92887
CHEMBL373742	P35348
CHEMBL373742	P23975
CHEMBL373742	O15438
CHEMBL373742	P37288
CHEMBL373742	P21397
CHEMBL373742	Q9Y5N1
CHEMBL373742	P30542
CHEMBL373742	P35372
CHEMBL373742	P22303
CHEMBL373742	Q01959
CHEMBL373742	P25094
CHEMBL373742	P23219
CHEMBL373742	P21728
CHEMBL373742	P35968
CHEMBL373742	P08913
CHEMBL373742	P21731
CHEMBL373742	P30518
CHEMBL373742	P41595
CHEMBL373742	P00734
CHEMBL373742	Q00788
CHEMBL373742	P31645
CHEMBL373742	P08908
CHEMBL373742	P08172
CHEMBL373742	Q12809
CHEMBL373742	P03372
CHEMBL373742	P10275
CHEMBL373742	P11473
CHEMBL373742	P48974
CHEMBL227875	P11229
CHEMBL227875	P50406
CHEMBL227875	P25021
CHEMBL227875	P27815
CHEMBL227875	P30989
CHEMBL227875	Q02294
CHEMBL227875	P30556
CHEMBL227875	P25101
CHEMBL227875	P41145
CHEMBL227875	P30542
CHEMBL227875	P35372
CHEMBL227875	P34969
CHEMBL227875	P32238
CHEMBL227875	P21731
CHEMBL227875	P20309
CHEMBL227875	P41143
CHEMBL227875	P31645
CHEMBL227875	P08908
CHEMBL227875	P24462
CHEMBL227875	P08588
CHEMBL227875	P30411
CHEMBL227875	P35462
CHEMBL227875	P13945
CHEMBL227875	P0DMS8
CHEMBL227875	P22830
CHEMBL227875	P46098
CHEMBL227875	P23975
CHEMBL227875	P08684
CHEMBL227875	P47871
CHEMBL227875	P25103
CHEMBL227875	P35439
CHEMBL227875	Q9HB55
CHEMBL227875	P24530
CHEMBL227875	P08913
CHEMBL227875	P30518
CHEMBL227875	Q92847
CHEMBL227875	P22002
CHEMBL227875	P35367
CHEMBL227875	P14416
CHEMBL227875	P03372
CHEMBL227875	P10275
CHEMBL227875	Q14432
CHEMBL227875	P41968
CHEMBL227875	P32245
CHEMBL227875	P08397
CHEMBL227875	P06401
CHEMBL227875	P20815
CHEMBL227875	P62813
CHEMBL227875	P18825
CHEMBL227875	P46663
CHEMBL227875	P28223
CHEMBL227875	P18089
CHEMBL227875	P25929
CHEMBL227875	P00734
CHEMBL227875	P32239
CHEMBL227875	P08172
CHEMBL227875	P49146
CHEMBL227875	Q12809
CHEMBL227875	P21554
CHEMBL227875	P35348
CHEMBL227875	O43193
CHEMBL227875	Q08499
CHEMBL227875	P37288
CHEMBL227875	P21397
CHEMBL227875	P9WP15
CHEMBL227875	P07550
CHEMBL227875	Q9Y5N1
CHEMBL227875	Q99808
CHEMBL227875	P22303
CHEMBL227875	Q01959
CHEMBL227875	P29274
CHEMBL227875	P23219
CHEMBL227875	P21728
CHEMBL227875	P41595
CHEMBL227875	P28335
CHEMBL227875	Q9UBN7
CHEMBL227875	P0DTD1
CHEMBL396778	Q96SQ9
CHEMBL396778	P11712
CHEMBL396778	P50406
CHEMBL396778	P33261
CHEMBL396778	P10632
CHEMBL396778	P19643
CHEMBL396778	P24462
CHEMBL396778	P20815
CHEMBL396778	P33260
CHEMBL396778	Q6VVX0
CHEMBL396778	P98187
CHEMBL396778	O42275
CHEMBL396778	P05181
CHEMBL396778	Q16678
CHEMBL396778	P05177
CHEMBL396778	P27338
CHEMBL396778	Q7Z449
CHEMBL396778	P13584
CHEMBL396778	P21397
CHEMBL396778	P08684
CHEMBL396778	Q9Y5N1
CHEMBL396778	P20853
CHEMBL396778	P22303
CHEMBL396778	P24903
CHEMBL396778	Q08477
CHEMBL396778	P11509
CHEMBL396778	P81908
CHEMBL396778	P20813
CHEMBL396778	Q9HB55
CHEMBL396778	P51589
CHEMBL396778	Q5TCH4
CHEMBL396778	P78329
CHEMBL396778	P21396
CHEMBL396778	P10635
CHEMBL396778	Q02928
CHEMBL396778	Q8TAV3
CHEMBL396778	Q9UBN7
CHEMBL396778	Q16696
CHEMBL396778	P0DTD1
CHEMBL396778	P04798
CHEMBL396778	Q15858
CHEMBL231068	Q14432
CHEMBL231068	P11229
CHEMBL231068	P35462
CHEMBL231068	O95342
CHEMBL231068	P06401
CHEMBL231068	P18507
CHEMBL231068	P0DMS8
CHEMBL231068	P27815
CHEMBL231068	P35348
CHEMBL231068	Q01827
CHEMBL231068	P14867
CHEMBL231068	P23975
CHEMBL231068	P21397
CHEMBL231068	Q9Y5N1
CHEMBL231068	P35372
CHEMBL231068	P22303
CHEMBL231068	Q01959
CHEMBL231068	P23219
CHEMBL231068	P21728
CHEMBL231068	P35968
CHEMBL231068	P08913
CHEMBL231068	P47870
CHEMBL231068	P47869
CHEMBL231068	P21731
CHEMBL231068	P41595
CHEMBL231068	P19327
CHEMBL231068	P00734
CHEMBL231068	P31645
CHEMBL231068	P08908
CHEMBL231068	P08172
CHEMBL231068	Q9UBN7
CHEMBL231068	P0DTD1
CHEMBL231068	Q12809
CHEMBL231068	P03372
CHEMBL231068	P10275
CHEMBL395091	Q14432
CHEMBL395091	P41968
CHEMBL395091	P11229
CHEMBL395091	Q63921
CHEMBL395091	P30411
CHEMBL395091	P35462
CHEMBL395091	P35354
CHEMBL395091	Q00960
CHEMBL395091	P06401
CHEMBL395091	P62813
CHEMBL395091	P21554
CHEMBL395091	Q00959
CHEMBL395091	P25021
CHEMBL395091	P0DMS8
CHEMBL395091	P18825
CHEMBL395091	P35348
CHEMBL395091	Q01827
CHEMBL395091	O43193
CHEMBL395091	P46098
CHEMBL395091	Q08499
CHEMBL395091	P23975
CHEMBL395091	P28223
CHEMBL395091	Q9R1M7
CHEMBL395091	P37288
CHEMBL395091	P18089
CHEMBL395091	P21397
CHEMBL395091	P30556
CHEMBL395091	Q8VHN2
CHEMBL395091	P25101
CHEMBL395091	P41145
CHEMBL395091	P07550
CHEMBL395091	Q9Y5N1
CHEMBL395091	Q99808
CHEMBL395091	P30542
CHEMBL395091	P35372
CHEMBL395091	P04150
CHEMBL395091	Q01959
CHEMBL395091	P35439
CHEMBL395091	Q62645
CHEMBL395091	P29274
CHEMBL395091	P32238
CHEMBL395091	P21728
CHEMBL395091	Q05586
CHEMBL395091	Q00961
CHEMBL395091	P08913
CHEMBL395091	O75469
CHEMBL395091	P25929
CHEMBL395091	P21731
CHEMBL395091	Q12879
CHEMBL395091	P30518
CHEMBL395091	P41595
CHEMBL395091	P20309
CHEMBL395091	Q92847
CHEMBL395091	P41143
CHEMBL395091	P43681
CHEMBL395091	P28335
CHEMBL395091	P22002
CHEMBL395091	P31645
CHEMBL395091	P32239
CHEMBL395091	P08908
CHEMBL395091	P08172
CHEMBL395091	P35367
CHEMBL395091	Q12809
CHEMBL395091	P14416
CHEMBL395091	P03372
CHEMBL395091	P08588
CHEMBL395091	P15207
CHEMBL437765	P41182
CHEMBL437765	Q14432
CHEMBL437765	P11229
CHEMBL437765	P35462
CHEMBL437765	O95342
CHEMBL437765	P46720
CHEMBL437765	P06401
CHEMBL437765	P33527
CHEMBL437765	P18507
CHEMBL437765	P0DMS8
CHEMBL437765	P27815
CHEMBL437765	P35348
CHEMBL437765	P14867
CHEMBL437765	P23975
CHEMBL437765	O70127
CHEMBL437765	P21397
CHEMBL437765	O35913
CHEMBL437765	Q9Y5N1
CHEMBL437765	P35372
CHEMBL437765	P22303
CHEMBL437765	Q01959
CHEMBL437765	Q9NPD5
CHEMBL437765	P23219
CHEMBL437765	P21728
CHEMBL437765	Q6PSM0
CHEMBL437765	P35968
CHEMBL437765	P46721
CHEMBL437765	P08913
CHEMBL437765	Q9Y6L6
CHEMBL437765	P47870
CHEMBL437765	P47869
CHEMBL437765	P21731
CHEMBL437765	P41595
CHEMBL437765	P00734
CHEMBL437765	P31645
CHEMBL437765	Q9QY30
CHEMBL437765	P08908
CHEMBL437765	P08172
CHEMBL437765	P0DTD1
CHEMBL437765	Q12809
CHEMBL437765	O94956
CHEMBL437765	P03372
CHEMBL437765	P10275
CHEMBL235668	P19971
CHEMBL235668	Q14432
CHEMBL235668	P11229
CHEMBL235668	P06401
CHEMBL235668	P62813
CHEMBL235668	P0DMS8
CHEMBL235668	P27815
CHEMBL235668	P35348
CHEMBL235668	P23975
CHEMBL235668	P21397
CHEMBL235668	Q9Y5N1
CHEMBL235668	P35372
CHEMBL235668	P22303
CHEMBL235668	Q01959
CHEMBL235668	P23219
CHEMBL235668	P21728
CHEMBL235668	P35968
CHEMBL235668	P08913
CHEMBL235668	P21731
CHEMBL235668	P41595
CHEMBL235668	P00734
CHEMBL235668	P31645
CHEMBL235668	P08908
CHEMBL235668	P08172
CHEMBL235668	Q9UBN7
CHEMBL235668	P07650
CHEMBL235668	Q12809
CHEMBL235668	P0DTD1
CHEMBL235668	P03372
CHEMBL235668	P10275
CHEMBL238804	P43220
CHEMBL238804	P24941
CHEMBL238804	P11229
CHEMBL238804	P25021
CHEMBL238804	Q01827
CHEMBL238804	O60885
CHEMBL238804	P30556
CHEMBL238804	P25101
CHEMBL238804	P41145
CHEMBL238804	P30542
CHEMBL238804	P35372
CHEMBL238804	P35414
CHEMBL238804	P32238
CHEMBL238804	O75469
CHEMBL238804	P21731
CHEMBL238804	P20309
CHEMBL238804	P41143
CHEMBL238804	P31645
CHEMBL238804	P08908
CHEMBL238804	P08588
CHEMBL238804	P30411
CHEMBL238804	P35462
CHEMBL238804	Q5T601
CHEMBL238804	O95342
CHEMBL238804	P0DMS8
CHEMBL238804	P21730
CHEMBL238804	P46098
CHEMBL238804	P23975
CHEMBL238804	P28482
CHEMBL238804	P00519
CHEMBL238804	P35439
CHEMBL238804	P55201
CHEMBL238804	P08913
CHEMBL238804	P30518
CHEMBL238804	Q92847
CHEMBL238804	P22002
CHEMBL238804	P35367
CHEMBL238804	P14416
CHEMBL238804	P03372
CHEMBL238804	P21453
CHEMBL238804	Q14432
CHEMBL238804	P41968
CHEMBL238804	O14965
CHEMBL238804	Q14524
CHEMBL238804	Q5NUL3
CHEMBL238804	P06401
CHEMBL238804	P62813
CHEMBL238804	P48730
CHEMBL238804	P22607
CHEMBL238804	P49238
CHEMBL238804	P18825
CHEMBL238804	P28223
CHEMBL238804	P18089
CHEMBL238804	Q13936
CHEMBL238804	P49841
CHEMBL238804	P43253
CHEMBL238804	P25929
CHEMBL238804	Q13258
CHEMBL238804	O15164
CHEMBL238804	P32239
CHEMBL238804	P08172
CHEMBL238804	Q12809
CHEMBL238804	P21554
CHEMBL238804	P15207
CHEMBL238804	P43119
CHEMBL238804	Q63921
CHEMBL238804	P35354
CHEMBL238804	P35348
CHEMBL238804	O43193
CHEMBL238804	P25090
CHEMBL238804	Q08499
CHEMBL238804	Q9HC97
CHEMBL238804	P37288
CHEMBL238804	P21397
CHEMBL238804	P07550
CHEMBL238804	Q9Y5N1
CHEMBL238804	Q99808
CHEMBL238804	P04150
CHEMBL238804	Q8TDV5
CHEMBL238804	Q01959
CHEMBL238804	P29274
CHEMBL238804	P21728
CHEMBL238804	P41595
CHEMBL238804	P43681
CHEMBL238804	P28335
CHEMBL238804	Q9UBN7
CHEMBL238804	P0DTD1
CHEMBL247951	P37231
CHEMBL247951	Q07869
CHEMBL247951	Q03181
CHEMBL252556	A6XA80
CHEMBL252556	P11712
CHEMBL252556	P11229
CHEMBL252556	P50406
CHEMBL252556	O76074
CHEMBL252556	P00918
CHEMBL252556	P25021
CHEMBL252556	P51681
CHEMBL252556	P25025
CHEMBL252556	P15127
CHEMBL252556	P06241
CHEMBL252556	P30989
CHEMBL252556	P50052
CHEMBL252556	Q02294
CHEMBL252556	P22771
CHEMBL252556	P30556
CHEMBL252556	P25101
CHEMBL252556	P41145
CHEMBL252556	P30542
CHEMBL252556	P35372
CHEMBL252556	Q16539
CHEMBL252556	P34969
CHEMBL252556	P25094
CHEMBL252556	P32238
CHEMBL252556	P28564
CHEMBL252556	P21731
CHEMBL252556	O70528
CHEMBL252556	P20309
CHEMBL252556	P41143
CHEMBL252556	P31645
CHEMBL252556	P08908
CHEMBL252556	P08588
CHEMBL252556	P47898
CHEMBL252556	P02545
CHEMBL252556	P30411
CHEMBL252556	P35462
CHEMBL252556	P13945
CHEMBL252556	P32241
CHEMBL252556	P24524
CHEMBL252556	Q08209
CHEMBL252556	P25024
CHEMBL252556	P0DMS8
CHEMBL252556	P33032
CHEMBL252556	P25100
CHEMBL252556	P46098
CHEMBL252556	P29466
CHEMBL252556	P23975
CHEMBL252556	P05177
CHEMBL252556	P28482
CHEMBL252556	P08246
CHEMBL252556	O00519
CHEMBL252556	P47871
CHEMBL252556	P24557
CHEMBL252556	P21917
CHEMBL252556	P08684
CHEMBL252556	P25103
CHEMBL252556	P35439
CHEMBL252556	P15823
CHEMBL252556	P11509
CHEMBL252556	P24530
CHEMBL252556	P14780
CHEMBL252556	Q9Y271
CHEMBL252556	P30988
CHEMBL252556	P07943
CHEMBL252556	P08173
CHEMBL252556	P08913
CHEMBL252556	P30518
CHEMBL252556	Q92847
CHEMBL252556	P43140
CHEMBL252556	P22002
CHEMBL252556	P35367
CHEMBL252556	P14416
CHEMBL252556	P03372
CHEMBL252556	P16499
CHEMBL252556	P29476
CHEMBL252556	P51450
CHEMBL252556	Q14432
CHEMBL252556	P41968
CHEMBL252556	P32245
CHEMBL252556	P02791
CHEMBL252556	Q99720
CHEMBL252556	P09917
CHEMBL252556	A8B2U2
CHEMBL252556	P06401
CHEMBL252556	P62813
CHEMBL252556	P06239
CHEMBL252556	P18825
CHEMBL252556	P05181
CHEMBL252556	P17948
CHEMBL252556	P46663
CHEMBL252556	P12822
CHEMBL252556	P28223
CHEMBL252556	P04035
CHEMBL252556	P18089
CHEMBL252556	P51679
CHEMBL252556	P17252
CHEMBL252556	Q9UBS5
CHEMBL252556	P08575
CHEMBL252556	P25929
CHEMBL252556	P19327
CHEMBL252556	Q9UIF8
CHEMBL252556	P32239
CHEMBL252556	Q92731
CHEMBL252556	P08172
CHEMBL252556	P49146
CHEMBL252556	Q12809
CHEMBL252556	P08912
CHEMBL252556	P15207
CHEMBL252556	P11473
CHEMBL252556	P21554
CHEMBL252556	Q96KQ7
CHEMBL252556	Q63921
CHEMBL252556	P35354
CHEMBL252556	P20781
CHEMBL252556	P34998
CHEMBL252556	P33261
CHEMBL252556	P00533
CHEMBL252556	P35348
CHEMBL252556	P12530
CHEMBL252556	O43193
CHEMBL252556	P21918
CHEMBL252556	Q08499
CHEMBL252556	P04626
CHEMBL252556	P37288
CHEMBL252556	P21397
CHEMBL252556	P03956
CHEMBL252556	P27361
CHEMBL252556	Q962Y6
CHEMBL252556	P48546
CHEMBL252556	P07550
CHEMBL252556	Q9Y5N1
CHEMBL252556	Q99808
CHEMBL252556	Q9NUW8
CHEMBL252556	P22303
CHEMBL252556	P04150
CHEMBL252556	P42858
CHEMBL252556	Q01959
CHEMBL252556	P41597
CHEMBL252556	P08659
CHEMBL252556	P25105
CHEMBL252556	P08311
CHEMBL252556	P29274
CHEMBL252556	P23219
CHEMBL252556	P21728
CHEMBL252556	Q690N0
CHEMBL252556	Q8IXJ6
CHEMBL252556	P21452
CHEMBL252556	P41595
CHEMBL252556	T1VXA1
CHEMBL252556	P10635
CHEMBL252556	P43681
CHEMBL252556	P29477
CHEMBL252556	P28335
CHEMBL252556	Q9UBN7
CHEMBL252556	P0DTD1
CHEMBL252556	Q13324
CHEMBL252556	P07727
CHEMBL252556	P10636
CHEMBL256997	P51450
CHEMBL256997	Q14432
CHEMBL256997	P41968
CHEMBL256997	P11229
CHEMBL256997	Q63921
CHEMBL256997	P35462
CHEMBL256997	P06401
CHEMBL256997	P62813
CHEMBL256997	P18507
CHEMBL256997	P34158
CHEMBL256997	P0DMS8
CHEMBL256997	P27815
CHEMBL256997	P18825
CHEMBL256997	P35348
CHEMBL256997	P14867
CHEMBL256997	Q08499
CHEMBL256997	P23975
CHEMBL256997	P28223
CHEMBL256997	Q16236
CHEMBL256997	P21397
CHEMBL256997	P07550
CHEMBL256997	Q9Y5N1
CHEMBL256997	P30542
CHEMBL256997	P35372
CHEMBL256997	P22303
CHEMBL256997	Q01959
CHEMBL256997	P08659
CHEMBL256997	P30043
CHEMBL256997	P29274
CHEMBL256997	P23219
CHEMBL256997	P21728
CHEMBL256997	P35968
CHEMBL256997	P08913
CHEMBL256997	P47870
CHEMBL256997	O75469
CHEMBL256997	P47869
CHEMBL256997	P21731
CHEMBL256997	P41595
CHEMBL256997	P00734
CHEMBL256997	P30561
CHEMBL256997	P43681
CHEMBL256997	P31645
CHEMBL256997	P08908
CHEMBL256997	P08172
CHEMBL256997	P35367
CHEMBL256997	Q9UBN7
CHEMBL256997	P0DTD1
CHEMBL256997	Q12809
CHEMBL256997	P14416
CHEMBL256997	P03372
CHEMBL256997	P10275
